Ligand SMILES,IC50,label
CO[C@@H](c1ccc(F)cc1)C(F)(F)CNC(=O)c1c(C)ccc(c1F)-c1ccn2nc(N)nc2c1,0.6,1
Cc1ccc(c(F)c1C(=O)NCC[C@H](O)c1ccc(Cl)cc1F)-c1ccn2nc(N)nc2c1,0.6,1
Cc1cc(F)c(cc1C(=O)NCC[C@@H](O)c1ccc(cc1)C(F)(F)F)-c1ccn2nc(N)nc2c1,0.6,1
Cc1ccc(c(F)c1C(=O)NC[C@@H](F)[C@@H](O)c1ccc(Cl)cc1)-c1ccn2nc(N)nc2c1,0.6,1
CN1c2ccccc2OC[C@H](NC(=O)c2ncn(Cc3ccccc3)n2)C1=O,0.63,1
CN1c2cc(NS(C)(=O)=O)ccc2OC[C@H](NC(=O)c2cc(Cc3ccccc3)on2)C1=O,0.63,1
Cc1ccc(-c2ccn3nc(N)nc3c2)c(F)c1C(=O)NCC(F)(F)C(O)c1ccc(F)cc1,0.7,1
Cc1ccc(c(F)c1C(=O)NCC[C@@H](O)c1ccc(Cl)c(Cl)c1)-c1ccn2nc(N)nc2c1,0.7,1
Cc1ccc(-c2ccn3nc(N)nc3c2)c(F)c1C(=O)NCC(F)(F)C(O)(C(F)F)c1ccc(F)cc1,0.7,1
Nc1nc2cc(ccn2n1)-c1ccc(Cl)c(C(=O)NCC(F)(F)[C@@H](O)c2ccc(Cl)c(F)c2)c1F,0.7,1
Cc1ccc(-c2ccn3nc(N)nc3c2)c(F)c1C(=O)NCC(F)(F)C(C)(O)c1ccc(cc1)C(F)(F)F,0.7,1
Nc1nc2cc(ccn2n1)-c1ccc(Cl)c(C(=O)NCC(F)(F)[C@@H](O)c2ccc(F)cc2)c1F,0.7,1
CN1c2ccccc2NC[C@H](NC(=O)c2cc(Cc3ccccc3)on2)C1=O,0.79,1
CN1c2ccccc2OC[C@H](NC(=O)c2nnc(Cc3ccccc3)o2)C1=O,0.79,1
Cc1ccc(c(F)c1C(=O)NCC[C@H](O)c1ccc(Cl)cc1)-c1ccn2nc(N)nc2c1,0.8,1
CCc1ccc(c(F)c1C(=O)NCC[C@@H](O)c1ccc(Cl)cc1)-c1ccn2nc(N)nc2c1,0.8,1
C[C@@](O)([C@H](F)CNC(=O)c1c(Cl)ccc(c1F)-c1ccn2nc(N)nc2c1)c1ccc(F)cc1,0.8,1
Cc1ccc(cc1)[C@H](O)C(F)(F)CNC(=O)c1c(C)ccc(-c2ccn3nc(N)nc3c2)c1F,0.8,1
Nc1nc2cc(ccn2n1)-c1ccc(F)c(C(=O)NCC(F)(F)[C@H](F)c2ccc(F)cc2)c1F,0.8,1
Nc1nc2cc(ccn2n1)-c1ccc(F)c(C(=O)NCC(F)(F)[C@@H](F)c2ccc(F)cc2)c1F,0.8,1
Nc1nc2cc(ccn2n1)-c1ccc(Cl)c(C(=O)NCC(F)(F)[C@@H](O)c2ccc(cc2)C(F)F)c1F,0.8,1
Cc1ccc(-c2ccn3nc(N)nc3c2)c(F)c1C(=O)NCC(F)(F)[C@](C)(O)c1ccc(F)cc1,0.8,1
Cc1ccc(-c2ccn3nc(N)nc3c2)c(F)c1C(=O)NCC(F)(F)[C@H](O)c1ccc(F)cc1,0.8,1
CO[C@H](c1ccc(F)cc1)C(F)(F)CNC(=O)c1c(C)ccc(c1F)-c1ccn2nc(N)nc2c1,0.9,1
CNC(=O)c1ccc2n(cnc2c1)-c1ccc(CC(=O)OC(C)(C)C)cc1,0.9,1
Cc1ccc(c(F)c1C(=O)NCC(F)(F)[C@@H](O)c1ccc(Cl)c(Cl)c1)-c1ccn2nc(N)nc2c1,0.9,1
Cc1ccc(cc1)[C@@H](O)C(F)(F)CNC(=O)c1c(Cl)ccc(c1F)-c1ccn2nc(N)nc2c1,0.9,1
Cc1ccc(c(F)c1C(=O)NCC(F)(F)[C@H](O)c1ccc(Cl)c(Cl)c1)-c1ccn2nc(N)nc2c1,0.9,1
Nc1nc2cc(ccn2n1)-c1ccc(Cl)c(C(=O)NCC(F)(F)[C@H](O)c2ccc(cc2)C(F)F)c1F,0.9,1
Cc1ccc(-c2ccn3nc(N)nc3c2)c(F)c1C(=O)NC[C@@H](F)[C@](C)(O)c1ccc(F)cc1,0.9,1
Cc1ccc(c(F)c1C(=O)NCC(F)(F)[C@@H](O)c1ccc(F)cc1)-c1ccn2nc(N)nc2c1F,0.9,1
Cc1ccc(-c2ccn3nc(N)nc3c2)c(F)c1C(=O)NCCC(O)c1ccc(cc1)C(F)(F)F,0.9,1
Cc1ccc(c(F)c1C(=O)NCC[C@@H](O)c1ccc(Cl)cc1)-c1ccn2nc(N)nc2c1,0.9,1
CC(CC(O)c1ccc(F)cc1)NC(=O)c1c(C)ccc(-c2ccn3nc(N)nc3c2)c1F,0.9,1
Cc1ccc(cc1)[C@@H](O)C(F)(F)CNC(=O)c1c(C)ccc(-c2ccn3nc(N)nc3c2)c1F,0.9,1
Cc1ccc(c(F)c1C(=O)N[C@@H](CF)C[C@@H](O)c1ccc(Cl)cc1)-c1ccn2nc(N)nc2c1,0.9,1
Cc1ccc(c(F)c1C(=O)NCC(F)(F)[C@](C)(O)c1ccc(Cl)cc1)-c1ccn2nc(N)nc2c1,0.9,1
CN1c2ccccc2SC[C@H](NC(=O)c2cc(Cc3ccccc3)on2)C1=O,0.94,1
Fc1cc(F)cc(c1)[C@@H]1CC=NN1C(=O)C1CCN(CC1)c1cc(ncn1)C#N,1,1
CN1c2ccccc2OC[C@H](NC(=O)c2n[nH]c(Cc3ccccc3)n2)C1=O,1,1
CN1c2ccccc2OC[C@H](NC(=O)c2ncc(Cc3ccccc3)o2)C1=O,1,1
CN1c2cc(ccc2OC[C@H](NC(=O)c2cc(Cc3ccccc3)on2)C1=O)-c1cc[nH]n1,1,1
CN1c2ccccc2OC[C@H](NC(=O)c2cn(Cc3ccccc3)nn2)C1=O,1,1
Cc1ccc(c(F)c1C(=O)NCCC(C)(F)c1ccc(Cl)cc1)-c1ccn2nc(N)nc2c1,1,1
CCc1ccc(-c2ccn3nc(N)nc3c2)c(F)c1C(=O)NCC(F)(F)C(O)c1ccc(F)cc1,1,1
Nc1nc2cc(ccn2n1)-c1ccc(Cl)c(C(=O)NCC(F)(F)[C@@H](O)c2ccc(Cl)c(Cl)c2)c1F,1,1
COc1ccc(c(F)c1C(=O)NCC(F)(F)[C@@H](O)c1ccc(Cl)c(Cl)c1)-c1ccn2nc(N)nc2c1,1,1
Cc1ccc(-c2ccn3nc(N)nc3c2)c(F)c1C(=O)NCC(F)(F)[C@@H](O)c1c(F)cc(F)cc1F,1,1
Nc1nc2cc(ccn2n1)-c1ccc(c(C(=O)NCC(F)(F)[C@@H](F)c2ccc(F)cc2)c1F)C(F)(F)F,1,1
Nc1nc2cc(ccn2n1)-c1ccc(Cl)c(C(=O)NC[C@H](O)C(F)(F)c2ccc(F)cc2)c1F,1,1
Cc1ccc(c(F)c1C(=O)NC[C@H](F)[C@H](O)c1ccc(Cl)cc1)-c1ccn2nc(N)nc2c1,1,1
Cc1ccc([C@@H](O)C(F)(F)CNC(=O)c2c(Cl)ccc(c2F)-c2ccn3nc(N)nc3c2)c(F)c1,1,1
C[C@](O)([C@@H](F)CNC(=O)c1c(F)c(ccc1C(F)F)-c1ccn2nc(N)nc2c1)c1ccc(F)cc1,1,1
C[C@@](O)([C@H](F)CNC(=O)c1c(F)c(ccc1C(F)F)-c1ccn2nc(N)nc2c1)c1ccc(F)cc1,1,1
Cc1ccc(c(F)c1C(=O)NCC(F)(F)[C@@](C)(O)c1ccc(Cl)cc1)-c1ccn2nc(N)nc2c1,1,1
Cc1ccc(c(F)c1C(=O)NCC[C@H](O)c1ccc(Cl)c(Cl)c1)-c1ccn2nc(N)nc2c1,1,1
Cc1ccc(-c2ccn3nc(N)nc3c2)c(F)c1C(=O)NC[C@H](O)C(F)(F)c1ccc(F)cc1,1,1
Cc1cc(F)c(cc1C(=O)NCCC(O)c1ccc(cc1)C(F)(F)F)-c1ccn2nc(N)nc2c1,1,1
Cc1cc(F)c(cc1C(=O)NCC[C@H](O)c1ccc(cc1)C(F)(F)F)-c1ccn2nc(N)nc2c1,1,1
Nc1nc2cc(ccn2n1)-c1ccc(Cl)c(C(=O)NCC(F)(F)[C@@H](O)c2cccc(F)c2)c1F,1.1,1
Nc1nc2cc(ccn2n1)-c1ccc(Cl)c(C(=O)NCCC2(CC2)c2ccc(F)cc2)c1F,1.1,1
Cc1ccc(-c2ccn3nc(N)nc3c2)c(F)c1C(=O)NCC(F)(F)[C@@H](F)c1ccc(F)cc1,1.1,1
Cc1ccc(-c2ccn3nc(N)nc3c2)c(F)c1C(=O)NCC(F)(F)[C@H](O)c1c(F)cc(F)cc1F,1.1,1
Cc1ccc(c(F)c1C(=O)NCCCC1CCCCC1)-c1ccn2nc(N)nc2c1,1.1,1
Cc1ccc(-c2ccn3nc(N)nc3c2)c(F)c1C(=O)NCC(F)(F)[C@@](C)(O)c1ccc(F)cc1,1.1,1
Cc1ccc(c(F)c1C(=O)NCCC(O)c1ccc(Cl)cc1)-c1ccn2nc(N)nc2c1,1.1,1
Cc1c(F)cc(cc1C(=O)NCC(F)(F)[C@@H](O)c1ccc(F)cc1)-c1ccn2nc(N)nc2c1,1.2,1
Nc1nc2cc(ccn2n1)-c1ccc(Cl)c(C(=O)NC[C@@H](F)[C@H](O)c2ccc(Cl)cc2)c1F,1.2,1
Nc1nc2cc(ccn2n1)-c1ccc(Cl)c(C(=O)NCC(F)(F)[C@@H](O)c2cccc(Cl)c2)c1F,1.2,1
Cc1ccc(c(F)c1C(=O)NCC[C@](C)(O)c1ccc(Cl)cc1)-c1ccn2nc(N)nc2c1,1.2,1
Cc1ccc(-c2ccn3nc(N)nc3c2)c(F)c1C(=O)NCC[C@@H](O)c1ccc(F)c(F)c1,1.2,1
Nc1cccc(c1)-c1cnc2[nH]cc(-c3cccc(NC(=O)Nc4cc(ccc4F)C(F)(F)F)c3)c2c1,1.3,1
CC(C)(C)C(=O)N1N=CCC1c1cc(F)cc(F)c1,1.3,1
CN1c2ccc(cc2OC[C@H](N2CCc3c(Cl)n(Cc4ccccc4)nc3C2=O)C1=O)C#N,1.3,1
Nc1nc2cc(ccn2n1)-c1ccc(Cl)c(C(=O)NCC(F)(F)[C@H](O)c2ccc(F)cc2)c1F,1.3,1
Cc1ccc(cc1C(=O)NCC[C@H](O)c1ccc(Cl)cc1)-c1ccn2nc(N)nc2c1,1.3,1
Nc1nc2cc(ccn2n1)-c1ccc(Cl)c(C(=O)NCC(F)(F)[C@H](O)c2ccc(Cl)cc2F)c1F,1.3,1
CC(C)S(=O)(=O)c1ccc2nccc(Nc3ccc4ncsc4c3)c2c1,1.3,1
Cc1ccc(c(F)c1C(=O)NCC(F)(F)C(=O)c1ccc(F)cc1)-c1ccn2nc(N)nc2c1,1.3,1
Cc1ccc(-c2ccn3nc(N)nc3c2)c(F)c1C(=O)NCC(F)(F)[C@@H](O)c1ccc(F)c(F)c1,1.3,1
Cc1ccc(c(F)c1C(=O)NCC[C@@](C)(O)c1ccc(Cl)cc1)-c1ccn2nc(N)nc2c1,1.3,1
Cc1ccc(-c2ccn3nc(N)nc3c2)c(F)c1C(=O)NCC[C@H](O)c1ccc(F)c(F)c1,1.3,1
Cc1cc(F)c(cc1C(=O)NCC[C@H](O)c1ccc(Cl)cc1)-c1ccn2nc(N)nc2c1,1.3,1
Cc1ccc(c(F)c1C(=O)NCC(F)(F)C(O)c1ccc(Cl)c(Cl)n1)-c1ccn2nc(N)nc2c1,1.4,1
COc1ccc(c(F)c1C(=O)NCC(F)(F)[C@@H](O)c1ccc(F)cc1)-c1ccn2nc(N)nc2c1,1.4,1
COc1c(ccn2nc(N)nc12)-c1ccc(C)c(C(=O)NCC(F)(F)[C@H](O)c2ccc(F)cc2)c1F,1.4,1
Nc1nc2cc(ccn2n1)-c1ccc(Cl)c(C(=O)NCC[C@@H](O)c2ccc(Cl)cc2)c1F,1.4,1
Nc1nc2cc(ccn2n1)-c1ccc(Cl)c(C(=O)NCC(F)(F)C(=O)c2ccc(F)cc2)c1F,1.4,1
Nc1nc2cc(ccn2n1)-c1ccc(C(F)F)c(C(=O)NCC(F)(F)[C@@H](O)c2ccc(F)cc2)c1F,1.4,1
Nc1nc2cc(ccn2n1)-c1ccc(Cl)c(C(=O)NCC(F)(F)[C@@H](O)c2cccc(Cl)c2F)c1F,1.4,1
Cc1cccc(c1)[C@H](O)C(F)(F)CNC(=O)c1c(Cl)ccc(c1F)-c1ccn2nc(N)nc2c1,1.4,1
COc1ccc(cc1)[C@@H](O)C(F)(F)CNC(=O)c1c(Cl)ccc(c1F)-c1ccn2nc(N)nc2c1,1.4,1
Nc1nc2cc(ccn2n1)-c1ccc(Cl)c(C(=O)NCC(F)(F)[C@H](O)c2ccc(Cl)c(F)c2)c1F,1.4,1
Cc1ccc(c(F)c1C(=O)NCC[C@H](O)c1ccc(Cl)cc1)-c1ccn2nc(N)nc2c1C,1.5,1
Cc1ccc(-c2ccn3nc(N)nc3c2)c(F)c1C(=O)NCC(F)(F)[C@@H](O)c1ccc(F)cn1,1.5,1
Cc1ccc(-c2ccn3nc(N)nc3c2)c(F)c1C(=O)NCC(F)(F)C(N)c1ccc(F)cc1,1.5,1
Cc1ccc(c(F)c1C(=O)NCCC(O)C1CCCCC1)-c1ccn2nc(N)nc2c1,1.5,1
CN1c2ccccc2OC[C@H](NC(=O)c2cc(Cc3ccccc3)on2)C1=O,1.6,1
O=C(C1CCN(CC1)c1ncccn1)N1N=CC[C@H]1c1ccccc1,1.6,1
Fc1cc(F)c2NC(=O)[C@H](CCc2c1)NC(=O)c1n[nH]c(Cc2ccccc2)n1,1.6,1
O=C(C1CCCCC1)N1N=CCC1c1ccccc1,1.6,1
CC(C)(C)C(=O)N1N=CC[C@H]1c1ccccc1,1.6,1
Nc1nc2cc(ccn2n1)-c1ccc(Cl)c(C(=O)NC[C@@H](F)[C@H](O)c2ccc(F)cc2)c1F,1.6,1
Cc1ccc(c(F)c1C(=O)NCCC(C)(C)c1ccc(Cl)cc1)-c1ccn2nc(N)nc2c1,1.7,1
Nc1nc2cc(ccn2n1)-c1ccc(Cl)c(C(=O)NC[C@H](F)[C@@H](O)c2ccc(Cl)cc2)c1F,1.7,1
Nc1nc2cc(ccn2n1)-c1ccc(Cl)c(C(=O)NC[C@@H](O)C(F)(F)c2ccc(F)cc2)c1F,1.7,1
Nc1nc2cc(ccn2n1)-c1ccc(c(C(=O)NCC(F)(F)[C@H](F)c2ccc(F)cc2)c1F)C(F)(F)F,1.7,1
Nc1nc2cc(ccn2n1)-c1ccc(Cl)c(C(=O)NCC(F)(F)[C@H](O)c2ccc(OC(F)F)cc2)c1F,1.7,1
Nc1nc2cc(ccn2n1)-c1ccc(Cl)c(C(=O)NCC(F)(F)[C@@H](O)c2ccc(Cl)c(Cl)n2)c1F,1.8,1
Cc1ccc(c(F)c1C(=O)NCCC(O)c1ccc(Cl)cn1)-c1ccn2nc(N)nc2c1,1.9,1
Cc1ccc(-c2ccn3nc(N)nc3c2)c(F)c1C(=O)NCC[C@@H](O)c1cccc(F)c1,1.9,1
Cc1ccc(-c2ccn3nc(N)nc3c2)c(F)c1C(=O)NCC[C@H](O)c1ccc(cc1)C(F)(F)F,1.9,1
Cc1ccc(-c2ccn3nc(N)nc3c2)c(F)c1C(=O)NCC[C@H](O)c1ccc(F)cc1,1.9,1
Cc1ccc(-c2ccn3nc(N)nc3c2)c(F)c1C(=O)NCC[C@@H](O)c1ccc(F)cc1,1.9,1
Nc1nc2cc(ccn2n1)-c1ccc(Cl)c(C(=O)NCC(F)(F)[C@@H](O)c2cc(F)ccc2F)c1F,1.9,1
Nc1nc2cc(ccn2n1)-c1ccc(CF)c(C(=O)NCC(F)(F)[C@@H](O)c2ccc(F)cc2)c1F,1.9,1
C[C@](O)([C@@H](F)CNC(=O)c1c(Cl)ccc(c1F)-c1ccn2nc(N)nc2c1)c1ccc(F)cc1,1.9,1
Cc1ccc(cc1C(=O)NCC[C@@H](O)c1ccc(Cl)cc1)-c1ccn2nc(N)nc2c1,1.9,1
Fc1cc(F)cc(c1)[C@@H]1CC=NN1C(=O)C1CCN(CC1)c1cnc(cn1)C#N,2,1
CN1c2ccccc2OC[C@H](NC(=O)c2cc(Cc3ccccc3)ccn2)C1=O,2,1
Fc1cc(F)cc(c1)[C@@H]1CC=NN1C(=O)C1CCN(CC1)c1ccnc(n1)C#N,2,1
Cc1ccc(cc1F)C1CC=NN1C(=O)C(C)(C)C,2,1
Cc1ccc(-c2ccn3nc(N)nc3c2)c(F)c1C(=O)NC[C@](C)(F)[C@@H](O)c1ccc(F)cc1,2.1,1
Cc1cc(F)c(cc1C(=O)NCC(F)(F)[C@@](C)(O)c1ccc(Cl)cc1)-c1ccn2nc(N)nc2c1,2.2,1
Cc1ccc(c(F)c1C(=O)NCC(F)(F)C1(COC1)c1ccc(F)cc1)-c1ccn2nc(N)nc2c1,2.2,1
Cc1cc(F)c(cc1C(=O)NCC[C@@H](O)c1ccc(Cl)cn1)-c1ccn2nc(N)nc2c1,2.3,1
Cc1ccc(c(F)c1C(=O)NCCC(C)(C)c1ccccc1)-c1ccn2nc(N)nc2c1,2.3,1
Cc1ccc(c(F)c1C(=O)NCC[C@@H](O)c1ccc(Cl)cn1)-c1ccn2nc(N)nc2c1,2.3,1
Cc1cc(F)c(cc1C(=O)NCCC(O)c1ccc(F)cc1)-c1ccn2nc(N)nc2c1,2.3,1
Cc1cc(F)c(cc1C(=O)NCC[C@@H](O)c1ccc(F)cc1)-c1ccn2nc(N)nc2c1,2.4,1
Cc1ccc(c(F)c1C(=O)NCCC(=O)c1ccc(Cl)cc1)-c1ccn2nc(N)nc2c1,2.4,1
Cc1cc(C)c(cc1C(=O)NCC[C@H](O)c1ccc(Cl)cc1)-c1ccn2nc(N)nc2c1,2.4,1
C[C@](O)(c1ccc(F)cc1)C(F)(F)CNC(=O)c1c(Cl)ccc(c1F)-c1ccn2nc(N)nc2c1,2.4,1
CCc1ccc(-c2ccn3nc(N)nc3c2)c(F)c1C(=O)NCC(F)(F)[C@@H](O)c1ccc(F)cn1,2.4,1
Cc1ccc(c(F)c1C(=O)NCC[C@H](O)c1ccc(cc1)C#C)-c1ccn2nc(N)nc2c1,2.5,1
CN1c2ccccc2OC[C@H](NC(=O)c2nnn(Cc3ccccc3)n2)C1=O,2.5,1
O=C(C1CCN(CC1)C(=O)c1ccccn1)N1N=CCC1c1ccccc1,2.5,1
O=C(C1CCN(CC1)c1ccccn1)N1N=CC[C@H]1c1ccccc1,2.5,1
O=C(C1CCN(CC1)C(=O)c1cnco1)N1N=CC[C@H]1c1ccccc1,2.5,1
Cc1ccc(c(F)c1C(=O)NCCC(C)(O)c1ccc(Cl)cc1)-c1ccn2nc(N)nc2c1,2.5,1
CN1c2c(F)cc(F)cc2OC[C@H](NC(=O)c2n[nH]c(Cc3ccccc3)n2)C1=O,2.5,1
Cc1cc(F)c(cc1C(=O)NCC[C@H](O)c1ccc(F)cc1)-c1ccn2nc(N)nc2c1,2.5,1
Cc1ccc(-c2ccn3nc(N)nc3c2)c(F)c1C(=O)NCCC(O)c1ccc(F)cc1,2.5,1
Cc1ccc(c(F)c1C(=O)NCC[C@@H](O)c1cccc(Cl)c1)-c1ccn2nc(N)nc2c1,2.5,1
C[C@](O)([C@H](F)CNC(=O)c1c(Cl)ccc(c1F)-c1ccn2nc(N)nc2c1)c1ccc(F)cc1,2.5,1
Cc1ccc(c(F)c1C(=O)NCCC(O)c1cccc(Cl)c1)-c1ccn2nc(N)nc2c1,2.6,1
Cc1cc(F)c(cc1C(=O)NCCC(O)c1ccc(Cl)cn1)-c1ccn2nc(N)nc2c1,2.6,1
Cc1ccc(c(F)c1C(=O)NCC[C@H](O)c1ccc(Cl)cn1)-c1ccn2nc(N)nc2c1,2.6,1
C[C@H](C[C@H](O)c1ccc(F)cc1)NC(=O)c1c(C)ccc(-c2ccn3nc(N)nc3c2)c1F,2.7,1
Cc1ccc(-c2ccn3nc(N)nc3c2)c(F)c1C(=O)NC[C@](C)(F)[C@H](O)c1ccc(F)cc1,2.7,1
Cc1ccc(-c2ccn3nc(N)nc3c2)c(F)c1C(=O)NC[C@@](C)(F)[C@@H](O)c1ccc(F)cc1,2.7,1
Nc1nc2cc(ccn2n1)-c1ccc(C2CC2)c(C(=O)NCC(F)(F)[C@@H](O)c2ccc(F)cc2)c1F,2.8,1
Nc1nc2cc(ccn2n1)-c1ccc(Cl)c(C(=O)NCC(F)(F)[C@H](O)c2ccc(cc2F)C(F)(F)F)c1F,2.8,1
Cc1ccc(c(F)c1C(=O)NCC[C@H](O)C1CCCCC1)-c1ccn2nc(N)nc2c1,2.8,1
Cc1ccc([C@H](O)C(F)(F)CNC(=O)c2c(Cl)ccc(c2F)-c2ccn3nc(N)nc3c2)c(F)c1,2.9,1
Cc1c(F)c(F)c(cc1C(=O)NCC[C@H](O)c1ccc(Cl)cc1)-c1ccn2nc(N)nc2c1,2.9,1
COc1ccc(c(F)c1C(=O)NCC(F)(F)[C@H](O)c1ccc(F)cc1)-c1ccn2nc(N)nc2c1,2.9,1
Nc1nc2cc(ccn2n1)-c1ccc(Cl)c(C(=O)NC[C@H](F)[C@@H](O)c2ccc(F)cc2)c1F,2.9,1
Nc1nc2cc(ccn2n1)-c1ccc(Cl)c(C(=O)NCC(F)(F)[C@@H](O)c2ccc(cc2F)C(F)(F)F)c1F,2.9,1
C[C@H](C[C@H](O)c1ccc(Cl)cc1)NC(=O)c1cc(c(F)c(F)c1C)-c1ccn2nc(N)nc2c1,2.9,1
Cc1c(F)cc(cc1C(=O)NCC(F)(F)[C@H](O)c1ccc(F)cc1)-c1ccn2nc(N)nc2c1,3,1
Nc1nc2cc(ccn2n1)-c1ccc(Cl)c(C(=O)NCC(F)(F)[C@@H](O)c2ccc(Cl)cc2F)c1F,3.1,1
Cc1ccc(-c2ccn3nc(N)nc3c2)c(F)c1C(=O)NCC(F)(F)[C@H](O)c1ccc(F)cn1,3.1,1
Cc1ccc(c(F)c1C(=O)N[C@H](CF)C[C@H](O)c1ccc(Cl)cc1)-c1ccn2nc(N)nc2c1,3.1,1
CN1c2cc(ccc2OC[C@H](NC(=O)c2cc(Cc3ccccc3)on2)C1=O)-c1n[nH]c(=O)o1,3.2,1
O=C(N[C@H]1CNc2ccccc2NC1=O)c1cc(Cc2ccccc2)on1,3.2,1
CCS(=O)(=O)c1ccc(cc1)-c1cnc2[nH]cc(-c3cccc(NC(=O)Nc4cc(ccc4F)C(F)(F)F)c3)c2c1,3.2,1
Cc1ccc(-c2ccn3nc(N)nc3c2)c(F)c1C(=O)NCC(F)(F)[C@@H](O)c1ccnc(c1)C(F)(F)F,3.2,1
Nc1nc2cc(ccn2n1)-c1ccc(Cl)c(C(=O)NCC(F)(F)[C@H](O)c2ccc(Cl)c(Cl)c2)c1F,3.6,1
C[C@@H](C[C@@H](O)c1ccc(Cl)cc1)NC(=O)c1c(C)ccc(c1F)-c1ccn2nc(N)nc2c1,3.6,1
Nc1nc2cc(ccn2n1)-c1ccc(Cl)c(C(=O)NCC(F)(F)C2(COC2)c2ccc(F)cc2)c1F,3.7,1
Cc1c(F)cc(cc1C(=O)NCC[C@H](O)c1ccc(Cl)cc1)-c1ccn2nc(N)nc2c1,3.7,1
Nc1nc2cc(ccn2n1)-c1ccc(Cl)c(C(=O)NCC(F)(F)[C@H](O)c2ccc(F)cc2F)c1F,3.7,1
CC[C@@](O)(c1ccc(F)cc1)C(F)(F)CNC(=O)c1c(Cl)ccc(c1F)-c1ccn2nc(N)nc2c1,3.8,1
Cc1cc(F)c(cc1C(=O)NCC(F)(F)[C@](C)(O)c1ccc(Cl)cc1)-c1ccn2nc(N)nc2c1,3.8,1
Cc1ccc(cc1)C1CC=NN1C(=O)C(C)(C)C,4,1
CC(C)(C)C(=O)N1N=CCC1c1cccc(F)c1,4,1
Fc1ccc(cc1NC(=O)Nc1cccc(c1)-c1c[nH]c2ncc(cc12)-c1cccnc1)C(F)(F)F,4,1
C[C@](O)(c1ccc(Cl)cc1)C(F)(F)CNC(=O)c1c(Cl)ccc(c1F)-c1ccn2nc(N)nc2c1,4.1,1
Nc1nc2cc(ccn2n1)-c1ccc(Cl)c(C(=O)NCC(F)(F)[C@@H](O)c2cccc(n2)C(F)(F)F)c1F,4.1,1
Cc1ccc(-c2ccn3nc(N)nc3c2)c(F)c1C(=O)N[C@H](CF)C[C@H](O)c1ccc(F)cc1,4.1,1
Nc1nc2cc(ccn2n1)-c1ccc(OC(F)F)c(C(=O)NCC(F)(F)[C@H](O)c2ccc(F)cc2)c1F,4.2,1
Cc1cc(Cl)c(cc1C(=O)NCC[C@H](O)c1ccc(Cl)cc1)-c1ccn2nc(N)nc2c1,4.2,1
Nc1nc2cc(ccn2n1)-c1ccc(Cl)c(C(=O)NCCC(O)c2ccc(Cl)cc2)c1F,4.3,1
COc1ccc(c(F)c1C(=O)NCC(F)(F)[C@H](O)c1ccc(Cl)c(Cl)c1)-c1ccn2nc(N)nc2c1,4.3,1
COc1ccc(c(F)c1C(=O)NCC(F)(F)C(O)c1ccc(Cl)c(Cl)n1)-c1ccn2nc(N)nc2c1,4.5,1
Cc1cc(F)c(cc1C(=O)NCC(F)(F)[C@H](O)c1ccc(F)cc1)-c1ccn2nc(N)nc2c1,4.8,1
CC(C)(C)C(=O)N1N=CCC1c1ccccc1,4.8,1
Cc1ccc(-c2ccn3nc(N)nc3c2)c(F)c1C(=O)NC[C@@H](O)C(F)(F)c1ccc(F)cc1,4.8,1
Cc1c(F)cc(cc1C(=O)NCC[C@@H](O)c1ccc(Cl)cc1)-c1ccn2nc(N)nc2c1,4.8,1
Cc1ccc(-c2ccn3nc(N)nc3c2)c(F)c1C(=O)N[C@@H](CF)C[C@@H](O)c1ccc(F)cc1,4.9,1
CN1c2ccccc2CC[C@H](NC(=O)c2n[nH]c(Cc3ccccc3)n2)C1=O,5,1
CN1c2ccccc2OC[C@H](NC(=O)c2noc(Cc3ccccc3)n2)C1=O,5,1
CN1C[C@H](NC(=O)c2cc(Cc3ccccc3)on2)C(=O)N(C)c2ccccc12,5,1
O=C(C1CCN(CC1)c1ccncn1)N1N=CC[C@H]1c1ccccc1,5,1
Cc1ccc(-c2ccn3nc(N)nc3c2)c(F)c1C(=O)NC[C@@](C)(F)[C@H](O)c1ccc(F)cc1,5.1,1
Nc1nc2cc(ccn2n1)-c1ccc(Cl)c(C(=O)NCC(F)(F)[C@@H](O)c2cccc(F)c2F)c1F,5.1,1
CCc1ccc(cc1C(=O)NCC[C@H](O)c1ccc(Cl)cc1)-c1ccn2nc(N)nc2c1,5.7,1
CC(CCNC(=O)c1cc(cnc1C)-c1ccn2nc(N)nc2c1)c1ccccc1,5.8,1
Nc1nc2cc(ccn2n1)-c1ccc(Cl)c(C(=O)NCC(F)(F)[C@H](O)C2CCC(F)(F)CC2)c1F,5.9,1
Cc1c(F)cc(cc1C(=O)NCCC(O)c1ccccc1)-c1ccn2nc(N)nc2c1,5.9,1
Cc1ccc(-c2ccn3nc(N)nc3c2)c(F)c1C(=O)NCCC(c1ccccc1)C(F)(F)F,5.9,1
C[C@@H](C[C@H](O)c1ccc(F)cc1)NC(=O)c1c(C)ccc(-c2ccn3nc(N)nc3c2)c1F,6,1
Fc1ccc(cc1NC(=O)Nc1cccc(c1)-c1c[nH]c2ncc(cc12)-c1cn[nH]c1)C(F)(F)F,6,1
CN1c2c(F)cc(F)cc2CC[C@H](NC(=O)c2n[nH]c(Cc3ccccc3)n2)C1=O,6.3,1
CN1c2ccccc2OC[C@H](NC(=O)c2cn(Cc3ccccc3)cn2)C1=O,6.3,1
COc1cccc(NC(=O)Nc2cccc(c2)-c2c[nH]c3ncc(cc23)-c2ccccc2)c1,6.3,1
O=C(C1CCN(CC1)C(=O)c1cocn1)N1N=CCC1c1ccccc1,6.3,1
CN1c2ccccc2CC[C@H](NC(=O)c2cc(Cc3ccccc3)on2)C1=O,6.3,1
CC(C)(C)C(=O)N1N=CCC1c1ccc(Cl)cc1,6.3,1
Cc1cc(F)c(cc1C(=O)NCC(F)(F)[C@@H](O)c1ccc(F)cc1)-c1ccn2nc(N)nc2c1,6.4,1
Cc1cc(-c2cnc(N)c3c(csc23)-c2ccc3scnc3c2)n(C)n1,6.5,1
Cc1ccc(-c2ccn3nc(N)nc3c2)c(F)c1C(=O)NC[C@H](F)[C@](C)(O)c1ccc(F)cc1,6.6,1
CCc1cc(F)c(cc1C(=O)NCC[C@H](O)c1ccc(Cl)cc1)-c1ccn2nc(N)nc2c1,6.7,1
Cc1ccc(c(F)c1C(=O)NCC[C@H](O)c1cccc(Cl)c1)-c1ccn2nc(N)nc2c1,7.4,1
Cc1ccc(c(F)c1C(=O)NCC[C@H](O)c1ccc(cc1)C#N)-c1ccn2nc(N)nc2c1,7.4,1
Nc1nc2cc(ccn2n1)-c1ccc(Cl)c(C(=O)NCC[C@H](O)c2ccc(cc2)C(F)(F)F)c1F,7.5,1
CC[C@H](C[C@H](O)c1ccc(Cl)cc1)NC(=O)c1cc(c(F)c(F)c1C)-c1ccn2nc(N)nc2c1,7.6,1
Cc1ccc(c(F)c1C(=O)NCC[C@@H](O)C1CCCCC1)-c1ccn2nc(N)nc2c1,7.7,1
Nc1nc2cc(ccn2n1)-c1ccc(Cl)c(C(=O)NCC[C@H](O)c2ccc(Cl)cc2)c1F,7.7,1
C[C@H](C[C@H](O)c1ccc(Cl)cc1)NC(=O)c1c(C)ccc(c1F)-c1ccn2nc(N)nc2c1,7.7,1
Nc1nc2cc(ccn2n1)-c1ccc(Cl)c(C(=O)NCC(F)(F)[C@H](O)c2cccc(F)c2F)c1F,7.8,1
Cc1cccc(c1)[C@@H](O)C(F)(F)CNC(=O)c1c(Cl)ccc(c1F)-c1ccn2nc(N)nc2c1,7.8,1
Fc1cc(F)cc(c1)[C@@H]1CC=NN1C(=O)C1CCN(CC1)c1ccc(nn1)C#N,7.9,1
O=C(N[C@H]1COc2ccccc2NC1=O)c1cccc(Oc2ccccc2)c1,7.9,1
CN1c2cc(NC(C)=O)ccc2OC[C@H](NC(=O)c2cc(Cc3ccccc3)on2)C1=O,7.9,1
Cc1ccc(-c2ccn3nc(N)nc3c2)c(F)c1C(=O)NCC[C@H](O)c1cccc(F)c1,8,1
Cc1ccc(-c2ccn3nc(N)nc3c2)c(F)c1C(=O)NCC[C@H](O)c1ccccc1F,8.1,1
Cc1ccc(-c2ccn3nc(N)nc3c2)c(F)c1C(=O)NCC[C@H](O)c1c(F)cccc1F,8.2,1
Cc1ccc(-c2ccn3nc(N)nc3c2)c(F)c1C(=O)NCC(C)(O)C(=O)c1ccc(F)cc1,8.3,1
Cc1ccc(c(F)c1C(=O)NCC(F)(F)[C@@H](OC(N)=O)c1ccc(F)cc1)-c1ccn2nc(N)nc2c1,8.4,1
CC(CCNC(=O)c1cccc(c1)-c1ccn2nc(N)nc2c1)c1ccccc1,8.5,1
Cc1nnc(o1)N1CCC(CC1)C(=O)N1N=CC[C@H]1c1cc(F)cc(F)c1,8.5,1
C[C@@](O)([C@@H](F)CNC(=O)c1c(F)c(ccc1C(F)F)-c1ccn2nc(N)nc2c1)c1ccc(F)cc1,8.8,1
CC(C)(C)C(=O)N1N=CCC1c1cccc(Cl)c1,9,1
Cc1ccc(c(F)c1C(=O)NCC1(CC1)[C@H](O)c1ccc(F)cc1)-c1ccn2nc(N)nc2c1,9,1
Cc1ccc(c(F)c1C(=O)NCC(F)(F)[C@@H](O)C1CC(F)(F)C1)-c1ccn2nc(N)nc2c1,9.1,1
Cc1ccc(-c2ccn3nc(N)nc3c2)c(F)c1C(=O)NCC[C@H](c1ccccc1)C(F)(F)F,9.2,1
COc1ccc(c(F)c1C(=O)NCC[C@H](O)c1ccc(Cl)cc1)-c1ccn2nc(N)nc2c1,9.4,1
Nc1nc2cc(ccn2n1)-c1cc(C(=O)NCC(F)(F)[C@H](O)c2ccc(F)cc2)c(Cl)cc1Cl,9.7,1
Nc1nc2cc(ccn2n1)-c1ccc(Cl)c(C(=O)NCCC(O)c2ccc(F)cc2)c1F,9.9,1
Nc1nc2cc(ccn2n1)-c1ccc(F)c(C(=O)NCCC2(CC2)c2ccc(F)cc2)c1F,10,1
Nc1nc2cc(ccn2n1)-c1ccc(Cl)c(C(=O)NCC(F)(F)[C@H](O)c2cccc(Cl)c2F)c1F,10,1
Nc1nc2cc(ccn2n1)-c1ccc(Cl)c(C(=O)NCC(F)(F)[C@@H](O)c2cc(Cl)ccc2F)c1F,10,1
O=C(C1CCN(CC1)C(=O)c1cscn1)N1N=CC[C@H]1c1ccccc1,10,1
CC(C)(C)C(=O)N1N=CCC1c1ccc(cc1)C(C)(C)C,10,1
CC(C)(C)C(=O)N1N=CCC1c1cocn1,10,1
CC(C)(C)C(=O)N1N=CCC1C1CCOCC1,10,1
O=C(C1CCC1)N1N=CCC1c1ccccc1,10,1
O=C(N1N=CCC1c1ccccc1)c1ccccc1,10,1
CC(=O)N1CCC(CC1)C(=O)N1N=CCC1c1ccccc1,10,1
O=C(C1CCN(CC1)C(=O)c1ccccc1)N1N=CCC1c1ccccc1,10,1
O=C(C1CCN(CC1)C(=O)c1cn[nH]c1)N1N=CCC1c1ccccc1,10,1
CCC(=O)N1CCC(CC1)C(=O)N1N=CCC1c1ccccc1,10,1
CC(C)(C)C(=O)N1N=CCC1c1ccc(cc1)S(C)(=O)=O,10,1
CC(C)(C)C(=O)N1N=CCC1c1c[nH]cn1,10,1
O=C(N1N=CCC1c1ccccc1)c1ccncc1,10,1
O=C(C1CCN(CC1)C(=O)c1cc[nH]n1)N1N=CCC1c1ccccc1,10,1
FC(F)(F)C(=O)N1CCC(CC1)C(=O)N1N=CCC1c1ccccc1,10,1
Cc1nnc(o1)N1CCC(CC1)C(=O)N1N=CC[C@H]1c1ccccc1,10,1
CC(C)(CN)C(=O)N1N=CCC1c1ccccc1,10,1
Fc1ccccc1Cc1nnc([nH]1)C(=O)N[C@H]1CNc2cccc(F)c2NC1=O,10,1
CC(C)(C)C(=O)N1N=CCC1c1cccnc1,10,1
CC(C)(C)C(=O)N1N=CCC1c1ccncc1,10,1
CC(C)(C)C(=O)N1N=CCC1c1cc[nH]n1,10,1
CC(C)(C)C(=O)N1N=CCC1C1CCCCC1,10,1
CC(C)(C)C(=O)N1N=CCC1C1CCCC1,10,1
CN1CCC(CC1)C1CC=NN1C(=O)C(C)(C)C,10,1
CC(C)(CO)C(=O)N1N=CCC1c1ccccc1,10,1
O=C(C1CCCC1)N1N=CCC1c1ccccc1,10,1
O=C(C1CCOCC1)N1N=CCC1c1ccccc1,10,1
O=C(C1CCOC1)N1N=CCC1c1ccccc1,10,1
O=C(N1N=CCC1c1ccccc1)c1ccccn1,10,1
CN1CCC(CC1)C(=O)N1N=CCC1c1ccccc1,10,1
O=C(C1CCN(CC1)c1ccccc1)N1N=CCC1c1ccccc1,10,1
CC(=O)N1CCC(CC1)C(=O)N1N=CC[C@H]1c1ccccc1,10,1
O=C(C1CCN(CC1)C(=O)C1CCCCC1)N1N=CCC1c1ccccc1,10,1
O=C(C1CCN(CC1)C(=O)c1c[nH]nn1)N1N=CCC1c1ccccc1,10,1
O=C(C1CCN(CC1)C(=O)c1cccnc1)N1N=CCC1c1ccccc1,10,1
O=C(C1CCN(CC1)c1ccccc1)N1N=CC[C@H]1c1ccccc1,10,1
CC(C)(C)C(=O)N1N=CCC1c1ccccn1,10,1
CC(C)C(=O)N1N=CCC1c1ccccc1,10,1
O=C(N1N=CCC1c1ccccc1)c1cccnc1,10,1
O=C(C1CCN(CC1)c1cccnn1)N1N=CC[C@H]1c1ccccc1,10,1
CN1c2ccccc2OC[C@H](NC(=O)c2cc(Cc3ccccc3)n(C)n2)C1=O,10,1
COC(=O)Nc1ccc2OC[C@H](NC(=O)c3cc(Cc4ccccc4)on3)C(=O)N(C)c2c1,10,1
CCCCn1cc(-c2ccc3N(CCc3c2)C(=O)Cc2cccc(OC(F)(F)F)c2)c2c(N)ncnc12,10,1
CC(C)n1cc(-c2ccc3N(CCc3c2)C(=O)Cc2cccc(OC(F)(F)F)c2)c2c(N)ncnc12,10,1
Cn1nc(-c2ccc3N(CCc3c2)C(=O)Cc2cccc(OC(F)(F)F)c2)c2c(N)ncnc12,10,1
CCc1cccc(NC(=O)Nc2ccc(cc2)-c2coc3ncnc(N)c23)c1,10,1
Nc1ncnc2occ(-c3ccc(NC(=O)Nc4cccc(c4)C(F)(F)F)cc3)c12,10,1
CS(=O)(=O)c1cccc(c1)-c1cnc2[nH]cc(-c3cccc(NC(=O)Nc4cc(ccc4F)C(F)(F)F)c3)c2c1,10,1
NC(=O)c1cccc(c1)-c1cnc2[nH]cc(-c3cccc(NC(=O)Nc4cc(ccc4F)C(F)(F)F)c3)c2c1,10,1
CC(=O)c1cccc(NC(=O)Nc2cccc(c2)-c2c[nH]c3ncc(cc23)-c2ccccc2)c1,10,1
CC(C)(C)c1cc(NC(=O)Nc2ccc(cc2)-c2cccc3c(N)nccc23)no1,10,1
Nc1nccc2c(cccc12)-c1ccc(NC(=O)Nc2ccc(F)c(c2)C(F)(F)F)cc1,10,1
CCn1cc(-c2ccc3N(CCc3c2)C(=O)Cc2cccc(OC(F)(F)F)c2)c2c(N)ncnc12,11,1
CN1C2=C(C=CC(=C2)C#CC3(COC3)O)OC[C@@H](C1=O)NC(=O)C4=NNC(=N4)CC5=CC=CC=C5,11,1
CN1c2cc(ccc2OC[C@H](NC(=O)c2ncn(Cc3ccccc3)n2)C1=O)C#CC1(O)COC1,11,1
Cc1ccc(c(F)c1C(=O)NCC1(CC1)[C@@H](O)c1ccc(F)cc1)-c1ccn2nc(N)nc2c1,11,1
Nc1nc2cc(ccn2n1)-c1ccc(Cl)c(C(=O)NCC(F)(F)[C@H](O)c2ccc(Cl)c(Cl)n2)c1F,11,1
CC(CCNC(=O)c1cc(ccc1Cl)-c1ccn2nc(N)nc2c1)c1ccccc1,11,1
CN1CCN(Cc2ccc(NC(=O)c3ccc(C)c(c3)C#Cc3cnc4cccnn34)cc2C(F)(F)F)CC1,12,1
CN1c2cc(ccc2OC[C@H](NC(=O)c2ncn(Cc3ccccc3)n2)C1=O)C#CC(C)(C)O,12.4,1
Nc1ncnc2occ(-c3ccc(NC(=O)Nc4cc(ccc4F)C(F)(F)F)cc3)c12,13,1
Cc1cccc(NC(=O)Nc2cccc(c2)-c2c[nH]c3ncc(cc23)-c2ccccc2)c1,13,1
Nc1nccc2c(cccc12)-c1ccc(NC(=O)Nc2cc(ccc2F)C(F)(F)F)cc1,13,1
Cc1ccc(c(F)c1C(=O)NCCC(O)c1cccc(c1)C#N)-c1ccn2nc(N)nc2c1,13,1
CCC(C)(C)C(=O)N(O)Cc1ccccc1,13,1
Cn1cc(-c2ccc3N(CCc3c2)C(=O)Cc2cccc(OC(F)(F)F)c2)c2c(N)ncnc12,13,1
Cc1cc(F)c(cc1C(=O)NCC[C@H](O)c1ccc(Cl)cn1)-c1ccn2nc(N)nc2c1,13,1
Cc1ccc(-c2ccn3nc(N)nc3c2)c(F)c1C(=O)NC[C@H](F)[C@@](C)(O)c1ccc(F)cc1,13,1
Cn1nc(-c2ccc3N(CCc3c2)C(=O)Cc2cccc(c2)C(F)(F)F)c2c(N)ncnc12,14,1
CN1c2cc(ccc2OC[C@H](NC(=O)c2cc(Cc3ccccc3)on2)C1=O)N1CC2CCC(C1)O2,14.5,1
CN1c2cc(CCC(=O)N3CCCC3)ccc2OC[C@H](NC(=O)c2ncn(Cc3ccccc3)n2)C1=O,14.5,1
CN1c2cc(ccc2OC[C@H](NC(=O)c2n[nH]c(Cc3ccccc3)n2)C1=O)N1CCCOCC1,14.6,1
Nc1nc2cc(ccn2n1)-c1ccc(Cl)c(c1)C(=O)NCC[C@@H](O)c1ccc(Cl)cc1,15,1
Nc1nc2cc(ccn2n1)-c1ccc(Cl)c(C(=O)NCC(F)(F)[C@H](O)c2cccc(Cl)c2)c1F,15,1
CN1c2cc(CCC(=O)Nc3ccc4[nH]ncc4c3)ccc2OC[C@H](NC(=O)c2n[nH]c(Cc3ccccc3)n2)C1=O,15.7,1
CC(C)(C)c1cc(NC(=O)Nc2ccc(cc2)-c2coc3ncnc(N)c23)no1,16,1
O=C(N[C@H]1COc2ccccc2NC1=O)c1cc(Cc2ccccc2)on1,16,1
[O-][N+](=O)c1cccc(NC(=O)Nc2cccc(c2)-c2c[nH]c3ncc(cc23)-c2ccccc2)c1,16,1
Nc1ccc(cc1)-c1cnc2[nH]cc(-c3cccc(NC(=O)Nc4cc(ccc4F)C(F)(F)F)c3)c2c1,16,1
CN1c2cc(ccc2OC[C@H](NC(=O)c2n[nH]c(Cc3ccccc3)n2)C1=O)N1CC(F)(F)C1,16.4,1
Cn1nc(-c2ccc3N(CCc3c2)C(=O)CCc2cccc(c2)C(F)(F)F)c2c(N)ncnc12,17,1
CC[C@](O)(c1ccc(F)cc1)C(F)(F)CNC(=O)c1c(Cl)ccc(c1F)-c1ccn2nc(N)nc2c1,17,1
Nc1nc2cc(ccn2n1)-c1ccc(Cl)c(C(=O)NCC[C@H](O)c2ccc(Cl)cn2)c1F,17,1
COc1ccc(c(F)c1C(=O)NCC[C@@H](O)c1ccc(Cl)cc1)-c1ccn2nc(N)nc2c1,17,1
Cc1nc(C)c(cc1C(=O)NCC[C@H](O)c1ccc(Cl)cc1)-c1ccn2nc(N)nc2c1,17,1
Cc1ncc(cc1C(=O)NCC[C@@H](O)c1ccc(Cl)cc1)-c1ccn2nc(N)nc2c1,17,1
Fc1cccc(c1)-c1cccc2sc(cc12)C(=O)N1CCOCC1,17.7,1
Cn1cc(-c2ccc3N(CCc3c2)C(=O)Cc2cccc(c2)C(F)(F)F)c2c(N)ncnc12,18,1
Cn1nc(-c2ccc3N(CCc3c2)C(=O)Cc2cc(F)cc(c2)C(F)(F)F)c2c(N)ncnc12,18,1
CN1c2cc(ccc2OC[C@H](NC(=O)c2cc(Cc3ccccc3)on2)C1=O)C#CC(C)(C)O,18.7,1
COCC(=O)CCc1ccc2OC[C@H](NC(=O)c3n[nH]c(Cc4ccccc4)n3)C(=O)N(C)c2c1,19,1
CN1c2cc(ccc2OC[C@H](NC(=O)c2n[nH]c(Cc3ccccc3)n2)C1=O)C#C,19,1
CC(C)(C#CC1=CC2=C(C=C1)OC[C@@H](C(=O)N2C)NC(=O)C3=NC(=NN3)OC4=CC=CC=C4)O,19,1
CN1c2cc(ccc2OC[C@H](NC(=O)c2ccn(Cc3ccccc3)n2)C1=O)C#C,19,1
CN1c2ccc(cc2OC[C@H](NC(=O)c2cc(Oc3ccccc3)ccn2)C1=O)C#CC(C)(C)O,19,1
Nc1nc2cc(ccn2n1)-c1ccc(Cl)c(C(=O)NCC[C@@H](O)c2ccc(F)cc2)c1F,19,1
CCOC(=O)CCc1ccc2OC[C@H](NC(=O)c3n[nH]c(Cc4ccccc4)n3)C(=O)N(C)c2c1,19,1
CCOC(=O)CCc1ccc2OC[C@H](NC(=O)c3ncn(Cc4ccccc4F)n3)C(=O)N(C)c2c1,19.7,1
Nc1nccc2c(cccc12)-c1ccc(NC(=O)Nc2cccc(c2)C(F)(F)F)cc1,20,1
Clc1ccc2NC(=O)[C@H](CNc2c1)NC(=O)c1nnc(Cc2ccccc2)[nH]1,20,1
Cc1ccc(c(F)c1C(=O)NCC[C@H](O)C1CCCC1)-c1ccn2nc(N)nc2c1,20,1
CN1c2cc(ccc2OC[C@H](NC(=O)c2n[nH]c(Cc3ccccc3F)n2)C1=O)C#CC(C)(C)O,20.6,1
CC(C)(C#CC1=CC2=C(C=C1)OC[C@@H](C(=O)N2C)NC(=O)C3=NNC(=N3)CC4=CC=CC=C4F)O,20.6,1
Cc1ccc(-c2ccn3nc(N)nc3c2)c(F)c1C(=O)NCC[C@@H](O)c1ccccc1F,21,1
CN1c2cc(CCC(=O)Nc3ccc4[nH]ncc4c3)ccc2OC[C@H](NC(=O)c2ncn(Cc3ccccc3F)n2)C1=O,21,1
Nc1nc2cc(ccn2n1)-c1ccc(F)c(C(=O)NCC[C@@H](O)c2ccc(Cl)cc2)c1F,21,1
CN1c2cc(CCC(=O)Nc3ccc4cn[nH]c4c3)ccc2OC[C@H](NC(=O)c2ncn(Cc3ccccc3F)n2)C1=O,21,1
Cc1ccc(Oc2ccnc3cc(ccc23)-c2cnn(c2)C2CCCCC2)cc1,21,1
Cc1ccc(c(F)c1C(=O)NCC[C@@H](O)C1CCCC1)-c1ccn2nc(N)nc2c1,21,1
CN1c2cc(ccc2OC[C@H](NC(=O)c2n[nH]c(Cc3ccccc3)n2)C1=O)C#CC1(O)COC1,21.5,1
CN1C2=C(C=CC(=C2)C#CC3(CCCC3)O)OC[C@@H](C1=O)NC(=O)C4=NNC(=N4)CC5=CC=CC=C5,21.5,1
CN1c2cc(ccc2OC[C@H](NC(=O)c2nnc(Cc3ccccc3)o2)C1=O)C#CC(C)(C)O,21.7,1
CN1c2cc(CCC(N)=O)ccc2OC[C@H](NC(=O)c2ncn(Cc3ccccc3)n2)C1=O,21.9,1
Nc1nc2cc(ccn2n1)-c1ccc(Cl)c(C(=O)NCC(F)(F)[C@@H](O)c2ccc(F)cc2F)c1F,22,1
CN1c2cc(ccc2OC[C@H](NC(=O)c2cc(Oc3ccccc3)ccn2)C1=O)C#CC(C)(C)O,22.2,1
CN1C2=C(C=CC(=C2)C#CCCCO)OC[C@@H](C1=O)NC(=O)C3=NNC(=N3)CC4=CC=CC=C4,22.3,1
CN1c2cc(ccc2OC[C@H](NC(=O)c2n[nH]c(Cc3ccccc3)n2)C1=O)C#CCCCO,22.3,1
Nc1nc2cc(ccn2n1)-c1ccc(Cl)c(C(=O)NCC(F)(F)[C@H](O)c2cc(F)ccc2F)c1F,23,1
CN1c2cc(ccc2OC[C@H](NC(=O)c2ncn(Cc3ccccc3)n2)C1=O)C#CC1(O)CCC1,23.4,1
CN1C2=C(C=CC(=C2)C#CC3(CCC3)O)OC[C@@H](C1=O)NC(=O)C4=NNC(=N4)CC5=CC=CC=C5,23.4,1
CN1c2cc(ccc2OC[C@H](NC(=O)c2n[nH]c(Cc3ccccc3)n2)C1=O)N1CCC2(C1)CCOCC2,23.6,1
CC(CCNC(=O)c1cncc(c1)-c1ccn2nc(N)nc2c1)c1ccccc1,24,1
CN1c2cc(ccc2OC[C@H](NC(=O)c2ncn(Cc3ccccc3)n2)C1=O)C#CC1(O)CCCC1,24.9,1
Nc1nccc2c(cccc12)-c1ccc(NC(=O)Nc2cc(F)cc(c2)C(F)(F)F)cc1,25,1
CN1c2cc(ccc2OC[C@H](NC(=O)c2ncn(Cc3ccccc3C)n2)C1=O)C#CC(C)(C)O,25.5,1
CC1=CC=CC=C1CC2=NC(=NN2)C(=O)N[C@H]3COC4=C(C=C(C=C4)C#CC(C)(C)O)N(C3=O)C,25.5,1
Cn1nc(-c2ccc3N(CCc3c2)C(=O)Cc2cccc(Br)c2)c2c(N)ncnc12,26,1
Nc1nc2cc(ccn2n1)-c1ccc(Cl)c(C(=O)NCC[C@@H](O)c2ccc(Cl)cn2)c1F,26,1
CN1c2cc(ccc2OC[C@H](NC(=O)c2ncn(Cc3ccccc3)n2)C1=O)C#CC1(O)CCOCC1,26.9,1
CN1C2=C(C=CC(=C2)C#CC3(CCOCC3)O)OC[C@@H](C1=O)NC(=O)C4=NNC(=N4)CC5=CC=CC=C5,26.9,1
Nc1nc2cc(ccn2n1)-c1ccc(Cl)c(C(=O)NCC[C@H](O)c2ccc(F)cc2)c1F,27,1
Cc1ccc(-c2ccn3nc(N)nc3c2)c(F)c1C(=O)NCC[C@@H](c1ccccc1)C(F)(F)F,27,1
C[C@@H](C[C@@H](O)c1ccc(Cl)cc1)NC(=O)c1cc(c(F)c(F)c1C)-c1ccn2nc(N)nc2c1,27,1
COc1cc(Cl)ccc1[C@H](O)CCNC(=O)c1c(C)ccc(c1F)-c1ccn2nc(N)nc2c1,27,1
CN1c2cc(ccc2OC[C@H](NC(=O)c2n[nH]c(Cc3ccccc3)n2)C1=O)C#CCN1CCCC1,27.1,1
CN1C2=C(C=CC(=C2)C#CCN3CCCC3)OC[C@@H](C1=O)NC(=O)C4=NNC(=N4)CC5=CC=CC=C5,27.1,1
Cn1nc(-c2ccc3N(CCc3c2)C(=O)Cc2ccc(Cl)c(c2)C(F)(F)F)c2c(N)ncnc12,28,1
Nc1nc2cc(ccn2n1)-c1ccc(Cl)c(C(=O)NCC(F)(F)[C@H](O)c2cccc(F)c2)c1F,28,1
CN1c2cc(ccc2OC[C@H](NC(=O)c2n[nH]c(Cc3ccccc3)n2)C1=O)C#CC(C)(C)O,28.6,1
CN1c2ccc(cc2OC[C@H](NC(=O)c2n[nH]c(Cc3ccccc3)n2)C1=O)C#CC(C)(C)O,30.3,1
CC(C)(C#CC1=CC2=C(C=C1)OC[C@@H](C(=O)N2C)NC(=O)C3=NNC(=N3)CC4=CC=CC=C4)O,30.3,1
CCCn1cc(-c2ccc3N(CCc3c2)C(=O)Cc2cccc(OC(F)(F)F)c2)c2c(N)ncnc12,31,1
CN1c2cc(ccc2OC[C@H](NC(=O)c2n[nH]c(Cc3ccccc3)n2)C1=O)C#CCN1CCOCC1,31.7,1
CN1C2=C(C=CC(=C2)C#CC3(CCC3)O)OC[C@H](C1=O)NC(=O)C4=NNC(=N4)CC5=CC=CC=C5,31.7,1
CN1C2=C(C=CC(=C2)C#CCN3CCOCC3)OC[C@@H](C1=O)NC(=O)C4=NNC(=N4)CC5=CC=CC=C5,31.7,1
CN1c2cc(ccc2OC[C@H](NC(=O)c2n[nH]c(Cc3ccccc3)n2)C1=O)C#CC1(O)CCC1,31.7,1
Nc1ncnc2occ(-c3ccc(NC(=O)Nc4cc(cc(c4)C(F)(F)F)C(F)(F)F)cc3)c12,32,1
Nc1ncnc2occ(-c3ccc(NC(=O)Nc4ccc(Cl)c(c4)C(F)(F)F)cc3)c12,32,1
FC(F)(F)c1cccc(NC(=O)Nc2cccc(c2)-c2c[nH]c3ncc(cc23)-c2ccccc2)c1,32,1
O=C(N[C@H]1COc2ccccc2NC1=O)c1n[nH]c(Cc2ccccc2)n1,32,1
CN1c2cc(ccc2OC[C@H](NC(=O)c2ccn(Cc3ccccc3)n2)C1=O)C#CC(C)(C)O,32.7,1
CN1c2cc(\C=C(/Cl)C(C)(C)O)ccc2OC[C@H](NC(=O)c2ncn(Cc3ccccc3)n2)C1=O,33.3,1
CN1c2cc(\C=C(/Cl)C(C)(C)O)ccc2OC[C@H](NC(=O)c2n[nH]c(Cc3ccccc3)n2)C1=O,33.3,1
CN1c2cc(ccc2OC[C@H](NC(=O)c2n[nH]c(Cc3cccc(F)c3)n2)C1=O)C#CC(C)(C)O,33.4,1
CN1C2=C(C=CC(=C2)CCC(=O)N)OC[C@@H](C1=O)NC(=O)C3=NNC(=N3)CC4=CC=CC=C4,33.4,1
CN1c2cc(CCC(N)=O)ccc2OC[C@H](NC(=O)c2n[nH]c(Cc3ccccc3)n2)C1=O,33.4,1
CC(C)(C#CC1=CC2=C(C=C1)OC[C@@H](C(=O)N2C)NC(=O)C3=NNC(=N3)CC4=CC(=CC=C4)F)O,33.4,1
CN1c2cc(ccc2OC[C@H](NC(=O)c2n[nH]c(Cc3ccccc3)n2)C1=O)C#CC1(O)CCOCC1,33.7,1
CN1C2=C(C=CC(=C2)C#CC3(CCOCC3)O)OC[C@H](C1=O)NC(=O)C4=NNC(=N4)CC5=CC=CC=C5,33.7,1
CN1c2cc(ccc2OC[C@H](NC(=O)c2n[n-]c(Cc3ccccc3)n2)C1=O)C#CC(C)(C)O,33.8,1
CN1C2=C(C=CC(=C2)C#CCCOC3=CC=CC4=C3C=CC=N4)OC[C@@H](C1=O)NC(=O)C5=NNC(=N5)CC6=CC=CC=C6,34,1
CN1c2cc(ccc2OC[C@H](NC(=O)c2ncn(Cc3ccccc3)n2)C1=O)C#CCCOc1cccc2ncccc12,34,1
CN1c2cc(ccc2OC[C@H](NC(=O)c2n[nH]c(Cc3ccccc3)n2)C1=O)C#CC1(O)CCCC1,34,1
Nc1nc2cc(ccn2n1)-c1ccc(Cl)c(c1)C(=O)NCC[C@H](O)c1ccc(Cl)cc1,34,1
CN1C2=C(C=CC(=C2)C#CC3(CCCC3)O)OC[C@H](C1=O)NC(=O)C4=NNC(=N4)CC5=CC=CC=C5,34,1
CN1c2cc(ccc2OC[C@H](NC(=O)c2n[nH]c(Cc3ccc(F)cc3)n2)C1=O)C#CC(C)(C)O,34.7,1
CC(C)(C#CC1=CC2=C(C=C1)OC[C@@H](C(=O)N2C)NC(=O)C3=NNC(=N3)CC4=CC=C(C=C4)F)O,34.7,1
Cc1ccc(-c2ccn3nc(N)nc3c2)c(Cl)c1C(=O)NCC[C@H](O)c1ccc(Cl)cc1,35,1
CN1c2ccccc2OC[C@H](NC(=O)c2cc(Cc3cccc(c3)C3(N=N3)C(F)(F)F)[nH]n2)C1=O,35,1
CN1C2=C(C=CC(=C2)/C=C/C(=O)NC3CC3)OC[C@@H](C1=O)NC(=O)C4=NNC(=N4)CC5=CC=CC=C5,35.2,1
CN1c2cc(\C=C\C(=O)NC3CC3)ccc2OC[C@H](NC(=O)c2n[nH]c(Cc3ccccc3)n2)C1=O,35.2,1
CN1c2ccc(cc2OC[C@H](NC(=O)c2ncn(Cc3ccccc3)n2)C1=O)C#CC(C)(C)O,35.5,1
Nc1nc2cc(ccn2n1)-c1c(F)ccc(C(=O)NCC[C@@H](O)c2ccc(Cl)cc2)c1F,36,1
CN1c2cc(CN3CCN4N=C(NC4C3)C(F)(F)F)ccc2OC[C@H](NC(=O)c2ncn(Cc3ccccc3)n2)C1=O,36.4,1
CN1c2cc(CN3CCn4nc(nc4C3)C(F)(F)F)ccc2OC[C@H](NC(=O)c2ncn(Cc3ccccc3)n2)C1=O,36.4,1
Nc1nc2cc(ccn2n1)-c1ccc(Cl)c(C(=O)NC[C@H](F)[C@H](O)c2ccc(F)cc2)c1F,37,1
Cc1ncc(cc1C(=O)NCC[C@H](O)c1ccc(Cl)cc1)-c1ccn2nc(N)nc2c1,37,1
COC(=O)c1ccc(CCCNC(=O)c2c(Cl)ccc(c2F)-c2ccn3nc(N)nc3c2)cc1,37,1
CN1c2cc(ccc2OC[C@H](NC(=O)c2cc(Cc3ccccc3)on2)C1=O)N1CC2(C1)CCOCC2,37.4,1
CN1c2cc(CCC(C)(C)O)ccc2OC[C@H](NC(=O)c2ncn(Cc3ccccc3)n2)C1=O,37.5,1
CN1c2cc(CCC(C)(C)O)ccc2OC[C@H](NC(=O)c2n[nH]c(Cc3ccccc3)n2)C1=O,37.5,1
CN1c2cc(ccc2OC[C@H](NC(=O)c2n[nH]c(Cc3ccccc3)n2)C1=O)N1CCC2(CCOC2)CC1,37.7,1
Nc1nc2cc(ccn2n1)-c1ccc(Cl)c(C(=O)NCCC(O)c2ccc(Cl)cn2)c1F,38,1
Cc1ccc(c(F)c1C(=O)NCCC(C)(O)c1ccc(cc1)C#N)-c1ccn2nc(N)nc2c1,38,1
Nc1nc2cc(ccn2n1)-c1ccc(Cl)c(C(=O)NCC(F)(F)[C@H](O)c2cc(F)cc(F)c2)c1F,38,1
Cc1cc(F)c(c(F)c1C(=O)NCC[C@@H](O)c1ccc(Cl)cc1)-c1ccn2nc(N)nc2c1,38,1
Cc1c(F)cc(cc1C(=O)NCCC(C)(O)c1ccccc1)-c1ccn2nc(N)nc2c1,39,1
CN1c2cc(ccc2OC[C@H](NC(=O)c2cc(Cc3ccccc3)on2)C1=O)N1CCCOCC1,39.2,1
CN1c2cc(ccc2OC[C@H](NC(=O)c2n[nH]c(Cc3ccc(F)cc3)n2)C1=O)N1CC2(C1)CCOCC2,39.4,1
Nc1nccc2c(cccc12)-c1ccc(NC(=O)Nc2ccc(Cl)c(c2)C(F)(F)F)cc1,40,1
CN1c2ccccc2NC[C@H](NC(=O)c2n[nH]c(Cc3ccccc3F)n2)C1=O,40,1
CN1C2=C(C=CC(=C2)CCC(=O)NC3=CC4=C(C=C3)C=NN4)OC[C@@H](C1=O)NC(=O)C5=NNC(=N5)CC6=CC=CC=C6,40.2,1
CN1c2cc(CCC(=O)Nc3ccc4cn[nH]c4c3)ccc2OC[C@H](NC(=O)c2n[nH]c(Cc3ccccc3)n2)C1=O,40.2,1
CN1c2cc(NCCCCl)ccc2OC[C@H](NC(=O)c2n[nH]c(Cc3ccccc3)n2)C1=O,40.4,1
C[C@H](C[C@@H](O)c1ccc(F)cc1)NC(=O)c1c(C)ccc(-c2ccn3nc(N)nc3c2)c1F,41,1
CN1c2ccc(CN3CCn4nc(nc4C3)C(F)(F)F)cc2OC[C@H](NC(=O)c2ncn(Cc3c(Cl)cccc3Cl)n2)C1=O,41.5,1
CN1c2ccc(CN3CCn4nc(nc4C3)C(F)(F)F)cc2OC[C@H](NC(=O)c2ncn(Cc3ccccc3)n2)C1=O,41.5,1
Nc1nc2cc(ccn2n1)-c1c(F)ccc(C(=O)NCC[C@H](O)c2ccc(Cl)cc2)c1F,42,1
CC(C)Cn1cnc(n1)C(=O)N[C@H]1COc2ccc(cc2N(C)C1=O)C#CC(C)(C)O,42.3,1
CN1c2ccc(cc2OC[C@H](NC(=O)c2n[nH]c(Cc3ccccc3)n2)C1=O)N1CCC2(CCOCC2)CC1,42.5,1
CN1c2cc(CCC(=O)N3CCCC3)ccc2OC[C@H](NC(=O)c2n[nH]c(Cc3ccccc3)n2)C1=O,42.9,1
CN1c2ccc(cc2OC[C@H](NC(=O)c2n[nH]c(Cc3ccccc3)n2)C1=O)C#CC1(O)COC1,42.9,1
CN1C2=C(C=CC(=C2)CCC(=O)N3CCCC3)OC[C@@H](C1=O)NC(=O)C4=NNC(=N4)CC5=CC=CC=C5,42.9,1
CN1c2cc(ccc2OC[C@H](NC(=O)c2n[nH]c(Cc3ccccc3)n2)C1=O)N1CC(F)C1,43.2,1
CN1c2cc(CN3CCn4c(C3)nnc4C(F)(F)F)ccc2OC[C@H](NC(=O)c2ncn(Cc3ccccc3)n2)C1=O,43.7,1
CN1C2=C(C=CC(=C2)CN3CCN4C(=NN=C4C(F)(F)F)C3)OC[C@@H](C1=O)NC(=O)C5=NNC(=N5)CC6=CC=CC=C6,43.7,1
CN1c2cc(ccc2OC[C@H](NC(=O)c2ncn(Cc3c(C)cccc3C)n2)C1=O)C#CC(C)(C)O,44.1,1
COC(=O)C(C)(C)C#Cc1ccc2OC[C@H](NC(=O)c3n[nH]c(Cc4ccccc4)n3)C(=O)N(C)c2c1,44.9,1
Nc1nc2cc(ccn2n1)-c1ccc(Cl)c(C(=O)NCC(F)(F)[C@@H](O)c2cccc(Cl)n2)c1F,45,1
COc1nc(C)c(cc1C(=O)NCC[C@H](O)c1ccc(Cl)cc1)-c1ccn2nc(N)nc2c1,47,1
CN1C2=C(C=CC(=C2)C#CCCOC3=CC4=C(C=CC=N4)C=C3)OC[C@H](C1=O)NC(=O)C5=NNC(=N5)CC6=CC=CC=C6,47.7,1
CN1c2cc(ccc2OC[C@H](NC(=O)c2ncn(Cc3ccccc3)n2)C1=O)C#CCCOc1ccc2cccnc2c1,47.7,1
CN1C2=C(C=CC(=C2)/C=C/C(=O)N3CCCC3)OC[C@@H](C1=O)NC(=O)C4=NNC(=N4)CC5=CC=CC=C5,48,1
CN1c2cc(\C=C\C(=O)N3CCCC3)ccc2OC[C@H](NC(=O)c2n[nH]c(Cc3ccccc3)n2)C1=O,48,1
Nc1nc2cc(ccn2n1)-c1ccc(Cl)c(C(=O)NCC(F)(F)[C@H](O)c2cccc(Cl)n2)c1F,48,1
Cc1ncc(cc1C(=O)NCC(O)Cc1ccccc1)-c1ccn2nc(N)nc2c1,48,1
CN1c2cc(ccc2OC[C@H](NC(=O)c2n[nH]c(Cc3ccccc3)n2)C1=O)N1CCC1,48.2,1
Cn1nc(-c2ccc3N(CCc3c2)C(=O)Nc2cccc(c2)C(F)(F)F)c2c(N)ncnc12,49,1
Cn1nc(-c2ccc(NC(=O)Cc3cccc(c3)C(F)(F)F)cc2F)c2c(N)ncnc12,49,1
CN1c2cc(CCC(=O)N3CCCC3)ccc2OC[C@H](NC(=O)c2nnn(Cc3cc(F)ccc3F)n2)C1=O,49.2,1
CN1c2cc(CCC(=O)N3CCCC3)ccc2OC[C@H](NC(=O)c2n[nH]c(Cc3ccc(F)cc3F)n2)C1=O,49.2,1
O=C(N[C@H]1CCc2ccccc2NC1=O)c1n[nH]c(Cc2ccccc2)n1,50,1
CN1c2cc(CN3CCn4ncnc4C3)ccc2OC[C@H](NC(=O)c2ncn(Cc3ccccc3)n2)C1=O,51,1
CN1c2cc(ccc2OC[C@H](NC(=O)c2n[nH]c(Cc3ccccc3)n2)C1=O)C#C[C@@]1(O)COC2[C@H](COC12)OC(=O)c1ccccc1,51.8,1
CN1c2cc(ccc2OC[C@H](NC(=O)c2n[nH]c(Cc3ccccc3)n2)C1=O)C#C[C@@]1(O)CO[C@@H]2[C@H](CO[C@H]12)OC(=O)c1ccccc1,51.8,1
CN1C2=C(C=CC(=C2)CCC(=O)NC3=CC4=C(C=CC=N4)C=C3)OC[C@@H](C1=O)NC(=O)C5=NNC(=N5)CC6=CC=CC=C6,52,1
CN1c2cc(CCC(=O)Nc3ccc4cccnc4c3)ccc2OC[C@H](NC(=O)c2n[nH]c(Cc3ccccc3)n2)C1=O,52,1
CN1c2cc(ccc2OC[C@H](NC(=O)c2ncn(Cc3ccc(F)cc3)n2)C1=O)N1CC2(C1)CCOCC2,52.2,1
CN1c2cc(ccc2OC[C@H](NC(=O)c2n[nH]c(Cc3ccccc3F)n2)C1=O)C#CC(C)(C)C,52.7,1
CCOC(=O)CCc1ccc2OC[C@H](NC(=O)c3ncn(Cc4c(Cl)cccc4Cl)n3)C(=O)N(C)c2c1,52.9,1
CN1c2cc(CCC(=O)NC3CC3)ccc2OC[C@H](NC(=O)c2n[nH]c(Cc3ccccc3)n2)C1=O,53.9,1
CN1C2=C(C=CC(=C2)CCC(=O)NC3CC3)OC[C@@H](C1=O)NC(=O)C4=NNC(=N4)CC5=CC=CC=C5,53.9,1
CN1c2cc(ccc2OC[C@H](NC(=O)c2n[nH]c(Cc3ccccc3)n2)C1=O)C#C[C@@]1(O)CO[C@@H]2[C@@H](O)CO[C@H]12,54.6,1
CN1c2cc(ccc2OC[C@H](NC(=O)c2n[nH]c(Cc3ccccc3)n2)C1=O)C#C[C@@]1(O)COC2[C@@H](O)COC12,54.6,1
Cc1cccc(CC(=O)N2CCc3cc(ccc23)-c2nn(C)c3ncnc(N)c23)c1,56,1
CN1c2cc(ccc2OC[C@H](NC(=O)c2ncn(Cc3ccccc3)n2)C1=O)C#CCCOc1ccc2ncccc2c1,56.5,1
COc1cc2ncnc(NC(=O)CCc3ccc4OC[C@H](NC(=O)c5n[nH]c(Cc6ccccc6)n5)C(=O)N(C)c4c3)c2cc1OC,56.8,1
COC1Cc2cccc(NC(=O)CCc3ccc4OC[C@H](NC(=O)c5n[nH]c(Cc6ccccc6)n5)C(=O)N(C)c4c3)c2CC1OC,56.8,1
CN1c2cc(CCC(=O)N3CCOCC3)ccc2OC[C@H](NC(=O)c2n[nH]c(Cc3ccccc3)n2)C1=O,57.1,1
CN1C2=C(C=CC(=C2)CCC(=O)N3CCOCC3)OC[C@@H](C1=O)NC(=O)C4=NNC(=N4)CC5=CC=CC=C5,57.1,1
CN1c2cc(ccc2OC[C@H](NC(=O)c2n[nH]c(Cc3ccccc3)n2)C1=O)C#CC(C)=C,57.9,1
CC(=C)C#CC1=CC2=C(C=C1)OC[C@@H](C(=O)N2C)NC(=O)C3=NNC(=N3)CC4=CC=CC=C4,57.9,1
Cn1nc(-c2ccc3N(CCc3c2)C(=O)Cc2cccc(Cl)c2)c2c(N)ncnc12,58,1
COc1ncc(cc1C(=O)NCC[C@H](O)c1ccc(Cl)cc1)-c1ccn2nc(N)nc2c1,59,1
CN1C2=C(C=CC(=C2)CN3CCN4C(=NC=N4)C3)OCC(C1=O)NC(=O)C5=NNC(=N5)CC6=CC=CC=C6,59.2,1
CN1c2cc(CN3CCn4ncnc4C3)ccc2OC[C@H](NC(=O)c2n[nH]c(Cc3ccccc3)n2)C1=O,59.2,1
COc1ncc(cc1C(=O)NCCC(O)c1ccc(F)c(F)c1)-c1ccn2nc(N)nc2c1,60,1
CN1c2cc(ccc2OC[C@H](NC(=O)c2ncn(Cc3ccc(F)cc3)n2)C1=O)N1CCC2(COC2)CC1,60.1,1
CN1c2cc(ccc2OC[C@H](NC(=O)c2n[nH]c(Cc3ccccc3)n2)C1=O)C#CC(C)(C)C,60.4,1
CC(C)(C)C#CC1=CC2=C(C=C1)OC[C@H](C(=O)N2C)NC(=O)C3=NNC(=N3)CC4=CC=CC=C4,60.4,1
CN1c2cc(ccc2OC[C@H](NC(=O)c2cc(Cc3ccccc3)on2)C1=O)N1C[C@@H]2C[C@H]1CO2,60.9,1
Cn1nc(-c2ccc3N(CCc3c2)C(=O)Cc2cccc(F)c2)c2c(N)ncnc12,61,1
Cc1ccc(c(F)c1C(=O)N[C@@H](CF)C[C@H](O)c1ccc(Cl)cc1)-c1ccn2nc(N)nc2c1,61,1
O=C(N1CCOCC1)c1cc2c(cccc2s1)-c1ccsc1,61.2,1
CN1c2cc(ccc2OC[C@H](NC(=O)c2n[nH]c(Cc3ccc(F)cc3)n2)C1=O)N1CCC2(CCCO2)CC1,62.3,1
CN1c2cc(ccc2OC[C@H](NC(=O)c2ncn(Cc3ccccc3)n2)C1=O)C#CC(C)(C)C,62.4,1
CC(C)(C)C#CC1=CC2=C(C=C1)OC[C@@H](C(=O)N2C)NC(=O)C3=NNC(=N3)CC4=CC=CC=C4,62.4,1
Nc1ncnc2occ(-c3ccc(NC(=O)Nc4cc(F)cc(c4)C(F)(F)F)cc3)c12,63,1
CN1c2ccccc2OC[C@H](NC(=O)c2cnn(Cc3ccccc3)c2)C1=O,63,1
CC(C)(C#CC1=CC2=C(C=C1)OC[C@@H](C(=O)N2C)NC(=O)C3=NNC(=N3)CC4=C(C=CC=C4Cl)Cl)O,63.9,1
CN1c2cc(ccc2OC[C@H](NC(=O)c2n[nH]c(Cc3c(Cl)cccc3Cl)n2)C1=O)C#CC(C)(C)O,63.9,1
CC(=C)C#Cc1ccc2OC[C@H](NC(=O)c3n[nH]c(Cc4ccccc4)n3)C(=O)Nc2c1,64.1,1
CC(=C)C#Cc1ccc2OC[C@H](NC(=O)c3ncn(Cc4ccccc4)n3)C(=O)Nc2c1,64.1,1
CC(C)CCc1ccc2OC[C@H](NC(=O)c3n[nH]c(Cc4ccccc4)n3)C(=O)N(C)c2c1,64.4,1
CC(C)CCC1=CC2=C(C=C1)OC[C@@H](C(=O)N2C)NC(=O)C3=NNC(=N3)CC4=CC=CC=C4,64.4,1
CC(C)(C#CC1=CC2=C(C=C1)OC[C@@H](C(=O)N2C)NC(=O)C3=NNC(=N3)CC4=CC=CC=C4)OC,65.4,1
COC(C)(C)C#Cc1ccc2OC[C@H](NC(=O)c3n[nH]c(Cc4ccccc4)n3)C(=O)N(C)c2c1,65.4,1
CN1c2cc(CCC(=O)NC3CC3)ccc2OC[C@H](NC(=O)c2ncn(Cc3ccccc3)n2)C1=O,65.6,1
O=C(N1CCOCC1)c1cc2c(cccc2s1)-c1cccs1,65.6,1
CN1c2cc(ccc2OC[C@H](NC(=O)c2ncn(Cc3ccc(cc3)-c3ccccc3)n2)C1=O)C#CC(C)(C)O,66.4,1
CC(C)(C#CC1=CC2=C(C=C1)OC[C@@H](C(=O)N2C)NC(=O)C3=NNC(=N3)CC4=CC=C(C=C4)C5=CC=CC=C5)O,66.4,1
CN1c2cc(ccc2OC[C@H](NC(=O)c2n[nH]c(Cc3ccccc3)n2)C1=O)N1CC2(C1)CCOCC2,67.8,1
CN1C2=C(C=CC(=C2)C#CCCOC3=CC4=C(C=C3)N=CC=C4)OC[C@@H](C1=O)NC(=O)C5=NNC(=N5)CC6=CC=CC=C6,68,1
CN1c2cc(ccc2OC[C@H](NC(=O)c2n[nH]c(Cc3ccccc3)n2)C1=O)C#CCCOc1ccc2ncccc2c1,68,1
CN1c2cc(CN3CCn4c(C3)nnc4C(F)(F)F)ccc2OC[C@H](NC(=O)c2n[nH]c(Cc3ccccc3)n2)C1=O,68.3,1
CN1C2=C(C=CC(=C2)CN3CCN4C(=NN=C4C(F)(F)F)C3)OC[C@H](C1=O)NC(=O)C5=NNC(=N5)CC6=CC=CC=C6,68.3,1
Cn1cc(-c2ccc3N(CCc3c2F)C(=O)Cc2cccc(n2)C(F)(F)F)c2c(N)ncnc12,69,1
Cc1ccc(c(F)c1C(=O)NCC(F)(F)[C@H](O)C1CC(F)(F)C1)-c1ccn2nc(N)nc2c1,69,1
CN1c2cc(ccc2OC[C@H](NC(=O)c2n[nH]c(Cc3ccccc3)n2)C1=O)N1CCC2(CCN(Cc3ccccc3)C2=O)CC1,69.7,1
Nc1nc2cc(ccn2n1)-c1cccc(C(=O)NCC[C@H](O)c2ccc(Cl)cc2)c1F,70,1
C[C@@](O)(c1ccc(Cl)cc1)C(F)(F)CNC(=O)c1c(Cl)ccc(c1F)-c1ccn2nc(N)nc2c1,71,1
CN1c2cc(CCC(O)=O)ccc2OC[C@H](NC(=O)c2ncn(Cc3ccccc3F)n2)C1=O,72.4,1
CN1C2=C(C=CC(=C2)CCCO)OC[C@@H](C1=O)NC(=O)C3=NNC(=N3)CC4=CC=CC=C4,73,1
Cc1ccc(-c2ccn3nc(N)nc3c2)c(F)c1C(=O)NCC[C@@H](O)c1c(F)cccc1F,73,1
CN1c2cc(CCCO)ccc2OC[C@H](NC(=O)c2n[nH]c(Cc3ccccc3)n2)C1=O,73,1
O=C(N1CCOCC1)c1cc2c(cccc2s1)-c1ccoc1,73.4,1
CN1c2cc(ccc2OC[C@H](NC(=O)c2n[nH]c(Cc3ccccc3)n2)C1=O)C#Cc1ccc2CCNCc2c1,73.8,1
Cc1ccc(O)cc1Nc1ccnc2cc(ccc12)-c1ccccn1,74,1
CN1c2cc(ccc2OC[C@H](NC(=O)c2n[nH]c(Cc3ccccc3)n2)C1=O)N1CCC2(CCCN(Cc3ccccc3)C2=O)CC1,74.5,1
Nc1nc2cc(ccn2n1)-c1cccc(C(=O)NCC[C@@H](O)c2ccc(Cl)cc2)c1F,75,1
Cn1nc(-c2ccc(NC(=O)Cc3cccc(c3)C(F)(F)F)cc2)c2c(N)ncnc12,77,1
CN1c2cc(CN3CCN(CC3)c3ccncc3)ccc2OC[C@H](NC(=O)c2ncn(Cc3c(Cl)cccc3Cl)n2)C1=O,77,1
CN1C2=C(C=CC(=C2)CN3CCN(CC3)C4=CC=NC=C4)OC[C@@H](C1=O)NC(=O)C5=NNC(=N5)CC6=C(C=CC=C6Cl)Cl,77,1
O=C(N[C@H]1CS(=O)(=O)c2ccccc2NC1=O)c1cc(Cc2ccccc2)on1,79,1
CC(C)(C)C(=O)N1CCCC1c1cccc(F)c1,79,1
Cc1ccc(-c2ccn3nc(N)nc3c2)c(F)c1C(=O)NCC(F)(F)[C@H](O)c1ccnc(c1)C(F)(F)F,79,1
Cn1nc(-c2ccc(NC(=O)Cc3cccc(c3)C(F)(F)F)c(F)c2)c2c(N)ncnc12,79,1
CC(C)(C)C(=O)N1CCC1c1ccccc1,79,1
Nc1nc2cc(ccn2n1)-c1ccc(Cl)c(C(=O)NCC(F)(F)[C@H](O)c2cccc(n2)C(F)(F)F)c1F,79,1
CN1c2ccc(CN3CCn4nc(nc4C3)C(F)(F)F)cc2OC[C@H](NC(=O)c2n[nH]c(Cc3ccccc3)n2)C1=O,79.4,1
CN1C2=C(C=C(C=C2)CN3CCN4C(=NC(=N4)C(F)(F)F)C3)OC[C@@H](C1=O)NC(=O)C5=NNC(=N5)CC6=C(C=CC=C6Cl)Cl,79.4,1
Fc1ccc(cc1NC(=O)Nc1cccc(c1)-c1c[nH]c2ncc(cc12)-c1ccccc1)C(F)(F)F,80,1
C[C@@](O)([C@@H](F)CNC(=O)c1c(Cl)ccc(c1F)-c1ccn2nc(N)nc2c1)c1ccc(F)cc1,80,1
CN1c2cc(ccc2OC[C@H](NC(=O)c2n[nH]c(Cc3ccccc3)n2)C1=O)C#CCCOc1ccc2cccnc2c1,80,1
CN1C2=C(C=CC(=C2)C#CCCOC3=CC=CC4=C3C=CC=N4)OC[C@H](C1=O)NC(=O)C5=NNC(=N5)CC6=CC=CC=C6,80,1
CN1c2cc(ccc2OC[C@H](NC(=O)c2n[nH]c(Cc3ccccc3)n2)C1=O)N1CCC2(CCOCC2)CC1,82,1
CN1c2cc(ccc2OC[C@H](NC(=O)c2n[nH]c(Cc3ccccc3)n2)C1=O)C#CCCOc1cccc2ncccc12,82.5,1
CN1c2cc(ccc2OC[C@H](NC(=O)c2n[nH]c(Cc3ccc(F)cc3F)n2)C1=O)C#CC(C)(C)O,85.4,1
CC(C)(C#CC1=CC2=C(C=C1)OC[C@@H](C(=O)N2C)NC(=O)C3=NNC(=N3)CC4=C(C=C(C=C4)F)F)O,85.4,1
CN1c2cc(ccc2OC[C@H](NC(=O)c2n[nH]c(Cc3ccccc3)n2)C1=O)C#C[Si](C)(C)C,85.8,1
CN1C2=C(C=CC(=C2)CN3CCN4C(C3)N=C(N4)C(F)(F)F)OC[C@@H](C1=O)NC(=O)C5=NNC(=N5)CC6=CC=CC=C6,85.8,1
CN1c2cc(ccc2OC[C@H](NC(=O)c2n[nH]c(Cc3ccccc3)n2)C1=O)N1CCC2(CCCO2)CC1,88,1
CN1c2cc(CN3CCn4nc(nc4C3)C(F)(F)F)ccc2OC[C@H](NC(=O)c2n[nH]c(Cc3ccccc3)n2)C1=O,88.7,1
COc1c(F)cccc1[C@H](O)CCNC(=O)c1c(C)ccc(c1F)-c1ccn2nc(N)nc2c1,89,1
Cc1ccc(CCCCN2C(=O)N[C@H](Cc3c[nH]c4c(Cl)cccc34)C2=O)cc1C#Cc1cnc2cccnn12,90,1
CC(=O)Nc1nc2ccc(cc2s1)-c1cnc(C)c(CC(=O)OC2CCCCC2)c1,90,1
Cn1nc(-c2ccc(NC(=O)Cc3cccc(c3)C(F)(F)F)c(Cl)c2)c2c(N)ncnc12,94,1
CN1C(=S)NC(Cc2c[nH]c3ccccc23)C1=O,95.5,1
Nc1ncnc2occ(-c3ccc(NC(=O)Nc4ccc5ccccc5c4)cc3)c12,100,1
CCCCCc1cc(no1)C(=O)N[C@H]1COc2ccccc2N(C)C1=O,100,1
Fc1ccccc1-c1cccc2sc(cc12)C(=O)N1CCOCC1,102,0
COCCn1cc(-c2ccc3N(CCc3c2)C(=O)Cc2cccc(OC(F)(F)F)c2)c2c(N)ncnc12,105,0
CCc1cc(ccc1NC(=O)Cc1cccc(c1)C(F)(F)F)-c1nn(C)c2ncnc(N)c12,107,0
CN1c2cc(ccc2OC[C@H](NC(=O)c2ncn(Cc3ccc(F)cc3)n2)C1=O)N1C[C@@H]2C[C@H]1CO2,108,0
Cc1ncc(cc1C(=O)NCC(C)(O)Cc1ccc(F)cc1)-c1ccn2nc(N)nc2c1,110,0
COc1cccc(CC(=O)N2CCc3cc(ccc23)-c2nn(C)c3ncnc(N)c23)c1,116,0
Clc1cccc(NC(=O)N2N=CCC2c2ccccc2)c1,126,0
CC1=NN([C@@H](C1)c1ccccc1)C(=O)C(C)(C)C,126,0
Cn1nc(-c2ccc3N(CCc3c2)C(=O)Cc2ccc(cc2)C(F)(F)F)c2c(N)ncnc12,128,0
Cc1cc(ccc1NC(=O)Cc1cccc(c1)C(F)(F)F)-c1nn(C)c2ncnc(N)c12,134,0
Cc1ccc(c(F)c1C(=O)NCC(F)(F)C(OP(O)(O)=O)c1ccc(F)cc1)-c1ccn2nc(N)nc2c1,135,0
CN1c2cc(CCCCO)ccc2OC[C@H](NC(=O)c2n[nH]c(Cc3ccccc3)n2)C1=O,136,0
CN1C2=C(C=CC(=C2)CCCCO)OC[C@@H](C1=O)NC(=O)C3=NNC(=N3)CC4=CC=CC=C4,136,0
CN1c2cc(CCC(=O)NC3CC3)ccc2OC[C@H](NC(=O)c2ncn(Cc3c(Cl)cccc3Cl)n2)C1=O,146,0
CN1C2=C(C=CC(=C2)CN3CCN(CC3)C4=CC=NC=C4)OC[C@@H](C1=O)NC(=O)C5=NNC(=N5)CC6=CC=CC=C6,153,0
CN1c2cc(CN3CCN(CC3)c3ccncc3)ccc2OC[C@H](NC(=O)c2n[nH]c(Cc3ccccc3)n2)C1=O,153,0
CN1c2cc(CCC(=O)NC3CC3)ccc2OC[C@H](NC(=O)c2ncn(Cc3ccc(F)cc3F)n2)C1=O,158,0
CN1c2cc(CCC(=O)NC3CC3)ccc2OC[C@H](NC(=O)c2n[nH]c(Cc3ccc(F)cc3F)n2)C1=O,158,0
Nc1ncnc2occ(-c3ccc(NC(=O)Nc4cccc(Cl)c4)cc3)c12,160,0
Nc1ncnc2occ(-c3ccc(NC(=O)Nc4ccc(F)c(c4)C(F)(F)F)cc3)c12,160,0
CN1c2cc(CCC(=O)N3CCCC3)ccc2OC[C@H](NC(=O)c2ncn(Cc3c(Cl)cccc3Cl)n2)C1=O,164,0
Cc1cc(Nc2cc(nc(Nc3ccc(NC(=O)C4CC4)cc3)n2)N2CCOCC2)n[nH]1,167,0
Cc1cc(F)c(c(F)c1C(=O)NCC[C@H](O)c1ccc(Cl)cc1)-c1ccn2nc(N)nc2c1,169,0
CN1CCN(CC1)c1cc(Nc2cc(C)[nH]n2)nc(Nc2ccc(NC(=O)C3CC3)cc2)n1,178,0
Fc1ccc(cc1)-n1cccc(C(=O)Nc2ccc(Oc3ccnc(NC(=O)C4CC4)c3)c(F)c2)c1=O,180,0
CN1c2cc(CCC(O)=O)ccc2OC[C@H](NC(=O)c2n[nH]c(Cc3ccccc3)n2)C1=O,189,0
CN1C2=C(C=CC(=C2)CCC(=O)O)OC[C@@H](C1=O)NC(=O)C3=NNC(=N3)CC4=CC=CC=C4,189,0
Cn1nc(-c2ccc3N(CCc3c2)C(=O)Cc2cccc(c2)C#N)c2c(N)ncnc12,190,0
Fc1ccc(cc1)-c1cccc2sc(cc12)C(=O)N1CCOCC1,193,0
CN1c2cc(ccc2OC[C@H](NC(=O)c2ncn(Cc3ccc(F)cc3)n2)C1=O)N1CCC(CO)(CCl)CC1,198,0
Cc1ccc(-c2ccn3nc(N)nc3c2)c(F)c1C(=O)N[C@@H](CF)C[C@H](O)c1ccc(F)cc1,198,0
C[C@@H]1C=NN([C@@H]1c1ccccc1)C(=O)C(C)(C)C,200,0
CC(=O)Nc1nc2ccc(cc2s1)-c1cnc(Cl)c(CC(=O)Cc2ccccc2)c1,200,0
Cc1cc(NC(=O)c2cccn(-c3ccc(F)cc3)c2=O)ccc1Oc1ccnc(NC(=O)C2CC2)c1,200,0
CN1C(=O)N[C@H](Cc2c[nH]c3c(Cl)cccc23)C1=O,200,0
O=C(N[C@H]1CCOc2ccccc2NC1=O)c1cc(Cc2ccccc2)on1,200,0
Nc1ncnc2occ(-c3ccc(NC(=O)Nc4cccc(c4F)C(F)(F)F)cc3)c12,200,0
CN1CCN(CC1)c1cc(Nc2cc(C)[nH]n2)nc(Sc2ccc(NC(=O)C3CC3)cc2)n1,208,0
CN1c2ccc(cc2CC[C@H](NC(=O)c2cc(Cc3ccccc3)on2)C1=O)C1(N=N1)C(F)(F)F,210,0
Fc1ccc(cc1)-c1cccc2sc(cc12)C(=O)N1CCSCC1,217,0
CN1c2cc(ccc2OC[C@H](NC(=O)c2n[nH]c(Cc3ccccc3)n2)C1=O)N1CCN2CCC1CC2,222,0
Fc1ccc(c(F)c1)-c1cccc2sc(cc12)C(=O)N1CCOCC1,230,0
CN1c2ccccc2OC[C@H](NC(=O)c2cc(CC3CCCCC3)on2)C1=O,251,0
CN1c2ccccc2OC[C@H](NC(=O)c2cccc(Cc3ccccc3)c2)C1=O,251,0
CN1c2cc(ccc2OC[C@H](NC(=O)c2ncn(Cc3ccc(F)cc3)n2)C1=O)N1CCCOCC1,255,0
CC(O)(CCNC(=O)c1cc(ccc1Cl)-c1ccn2nc(N)nc2c1)c1ccccc1,256,0
Cn1nc(-c2ccc3N(CCc3c2)C(=O)Cc2cc(cc(c2)C(F)(F)F)C(F)(F)F)c2c(N)ncnc12,264,0
COc1ncc(cc1C(=O)NCCC(O)c1ccc(Cl)cn1)-c1ccn2nc(N)nc2c1,290,0
Cc1cc(Nc2cc(nc(Nc3ccc(NC(=O)C4CC4)cc3)n2)N2CCCCC2)n[nH]1,295,0
Nc1ccc(nc1)C#Cc1c(N)nccc1Oc1ccc(NC(=O)c2cccn(-c3ccc(F)cc3)c2=O)cc1F,310,0
CC(C)(C)C(=O)N1CCCC1c1ccccc1,316,0
CN1C(=O)NC(Cc2c[nH]c3c(Cl)cccc23)C1=O,320,0
CCCCCc1cc(n[nH]1)C(=O)N[C@H]1COc2ccccc2NC1=O,320,0
CN1c2cc(ccc2OC[C@H](NC(=O)c2n[nH]c(Cc3ccc(F)cc3)n2)C1=O)N1CCCOCC1,355,0
Fc1ccc(cc1)-c1cccc2sc(cc12)C(=O)N1CCCC1,360,0
CN1c2cc(ccc2OC[C@H](NC(=O)c2n[nH]c(Cc3c(C)cccc3C)n2)C1=O)C#CC(C)(C)C,365,0
CN1c2cc(ccc2OC[C@H](NC(=O)c2ncn(Cc3c(C)cccc3C)n2)C1=O)C#CC(C)(C)C,365,0
CCN1c2cc(ccc2OC[C@H](NC(=O)c2ncn(Cc3ccccc3)n2)C1=O)C#CC(C)(C)O,388,0
CCN1c2cc(ccc2OC[C@H](NC(=O)c2n[nH]c(Cc3ccccc3)n2)C1=O)C#CC(C)(C)O,388,0
Cn1nc(-c2ccc3N(CCc3c2)C(=O)Cc2ccc(Br)cc2)c2c(N)ncnc12,392,0
C[C@@H](C[C@@H](O)c1ccc(F)cc1)NC(=O)c1c(C)ccc(-c2ccn3nc(N)nc3c2)c1F,397,0
O=C(Nc1ccccc1)Nc1cccc(c1)-c1c[nH]c2ncc(cc12)-c1ccccc1,400,0
Cc1ccc(c(F)c1C(=O)N[C@H](CF)C[C@@H](O)c1ccc(Cl)cc1)-c1ccn2nc(N)nc2c1,411,0
COc1cc(ccc1NC(=O)Cc1cccc(c1)C(F)(F)F)-c1nn(C)c2ncnc(N)c12,424,0
Cn1cc(-c2ccc3N(CCc3c2)C(=O)Cc2cccc(OC(F)(F)F)c2)c2cncnc12,468,0
CN1c2cc(ccc2OC[C@H](NC(=O)c2cc(Cc3ccccc3)on2)C1=O)N1CCN2CCC1CC2,486,0
CN1c2cc(CCCCNc3ccccn3)ccc2OC[C@H](NC(=O)c2n[nH]c(Cc3ccccc3)n2)C1=O,491,0
CN1C2=C(C=CC(=C2)CCCCNC3=CC=CC=N3)OC[C@@H](C1=O)NC(=O)C4=NNC(=N4)CC5=CC=CC=C5,491,0
O=C(NC1CCCC1)Nc1cccc(c1)-c1c[nH]c2ncc(cc12)-c1ccccc1,500,0
CN1c2cc(Cl)sc2CC[C@H](NC(=O)c2cc(Cc3ccccc3)on2)C1=O,500,0
CN1c2cc(Cl)sc2CC[C@@H](NC(=O)c2cc(Cc3ccccc3)on2)C1=O,500,0
CN1c2ccccc2C(F)CC(NC(=O)c2cc(Cc3ccccc3)on2)C1=O,500,0
CN1c2ccccc2C(=C)C[C@H](NC(=O)c2cc(Cc3ccccc3)on2)C1=O,500,0
CN1c2ccccc2OC[C@H](NC(=O)c2nn(Cc3ccccc3)c(C)c2Cl)C1=O,500,0
CN1c2ccccc2OC[C@H](NC(=O)c2ncc(Cc3ccccc3)s2)C1=O,500,0
CN1c2ccccc2OC[C@H](NC(=O)c2nn(Cc3ccccc3)c(C)c2F)C1=O,500,0
CN1c2ccccc2C2CC2[C@H](NC(=O)c2cc(Cc3ccccc3)on2)C1=O,500,0
CN1c2ccccc2[C@@H]2C[C@@H]2[C@H](NC(=O)c2cc(Cc3ccccc3)on2)C1=O,500,0
CN1c2ccccc2OC[C@H](NC(=O)c2cc(on2)C2(CC2)c2ccccc2)C1=O,500,0
CN1c2ccccc2C2(CC2)C[C@H](NC(=O)c2cc(Cc3ccccc3)on2)C1=O,500,0
CN1c2ccccc2C(F)(F)CC(NC(=O)c2nnc(Cc3ccccc3)[nH]2)C1=O,500,0
CN1c2ccccc2[C@H](F)CC(NC(=O)c2nnc(Cc3ccccc3)[nH]2)C1=O,500,0
CN1c2ccccc2[C@H](F)C[C@H](NC(=O)c2nnc(Cc3ccccc3)[nH]2)C1=O,500,0
CN1c2ccccc2[C@@H](F)CC(NC(=O)c2nnc(Cc3ccccc3)[nH]2)C1=O,500,0
CN1c2ccccc2[C@@H](F)C[C@H](NC(=O)c2nnc(Cc3ccccc3)[nH]2)C1=O,500,0
CN1c2ccccc2[C@H](F)C[C@@H](NC(=O)c2nnc(Cc3ccccc3)[nH]2)C1=O,500,0
CN1c2ccccc2OC[C@H](NC(=O)c2cc3[C@H](CCn3n2)c2ccccc2)C1=O,500,0
CN1c2ccccc2OC[C@H](NC(=O)c2cc(CC(F)(F)F)on2)C1=O,500,0
O=C(N[C@H]1CCc2ccccc2-n2ccnc12)c1cc(Cc2ccccc2)on1,500,0
CN1c2cccc(Cl)c2OC[C@H](NC(=O)c2nnc(Cc3ccccc3)[nH]2)C1=O,500,0
CN1c2ccccc2OC[C@H](NC(=O)c2nnc([nH]2)C2(CC2)c2ccccc2)C1=O,500,0
CN1c2nc(C)sc2CC[C@H](NC(=O)c2nnc(Cc3ccccc3)[nH]2)C1=O,500,0
CN1c2ccncc2OC[C@H](NC(=O)c2nnc(Cc3ccccc3)[nH]2)C1=O,500,0
CN1c2ncccc2OC[C@H](NC(=O)c2nnc(Cc3ccccc3)[nH]2)C1=O,500,0
CN1c2ccccc2C2(CC2)C[C@H](NC(=O)c2nnc(Cc3ccccc3)[nH]2)C1=O,500,0
Cc1c(F)c(nn1Cc1ccccc1)C(=O)N[C@H]1COc2ccccc2NC1=O,500,0
CN1c2ccccc2[C@@H]2C[C@@H]2[C@H](NC(=O)c2nnc(Cc3ccccc3)[nH]2)C1=O,500,0
CN1c2ccccc2OC[C@H](NC(=O)C2C[C@H]2Cc2ccccc2)C1=O,500,0
CN1c2ccccc2OC[C@H](NC(=O)c2nnc([nH]2)C2CCc3ccccc23)C1=O,500,0
O=C(N[C@H]1CCc2ccccc2-n2ccnc12)c1nnc(Cc2ccccc2)[nH]1,500,0
CN1c2ncccc2OC[C@H](NC(=O)c2nnc([nH]2)C2CCc3ccccc23)C1=O,500,0
CN1c2ccccc2OC[C@H](NC(=O)c2nn(Cc3ccccn3)cc2F)C1=O,500,0
CN1c2cccc(C#N)c2OC[C@H](NC(=O)c2nnc(Cc3ccccc3)[nH]2)C1=O,500,0
Fc1cn(Cc2ccccc2)nc1C(=O)N[C@H]1COc2cccnc2NC1=O,500,0
CN1c2ccccc2OC[C@H](NC(=O)c2nnc(s2)C2(CC2)c2ccccc2)C1=O,500,0
CN1c2ccccc2C2(CC2)C[C@H](NC(=O)c2cc(Cc3ccccc3)[nH]n2)C1=O,500,0
CN1c2ccccc2[C@@H]2C[C@@H]2[C@H](NC(=O)c2cc(Cc3ccccc3)[nH]n2)C1=O,500,0
CN1c2ccccc2OC[C@H](NC(=O)c2coc(n2)C2(CC2)c2ccccc2)C1=O,500,0
O=C(N[C@H]1COc2cccnc2NC1=O)c1cc(on1)C1(CC1)c1ccccc1,500,0
CN1c2ncccc2OC[C@H](NC(=O)c2ncc(s2)C2(CC2)c2ccccc2)C1=O,500,0
CN1c2ccccc2OC[C@H](NC(=O)c2nn(Cc3ccccc3)cc2F)C1=O,500,0
CN1c2ncccc2OC[C@H](NC(=O)c2nnc(o2)C2(CC2)c2ccccc2)C1=O,500,0
CN1c2ccccc2[C@H]2C[C@H]2[C@H](NC(=O)c2nnc(Cc3ccccc3)[nH]2)C1=O,500,0
O=C(N[C@H]1COc2ccccc2-n2ccnc12)c1nnc(Cc2ccccc2)[nH]1,500,0
O=C(N[C@H]1CCc2ccccc2-n2cnnc12)c1nnc(Cc2ccccc2)[nH]1,500,0
O=C(N[C@H]1COc2ccccc2-n2ccnc12)c1cc(Cc2ccccc2)on1,500,0
O=C(N[C@H]1CCc2ccccc2-n2cnnc12)c1cc(Cc2ccccc2)on1,500,0
CN1c2ccccc2OC[C@H](NC(=O)c2cc([nH]n2)C2(CC2)c2ccccc2)C1=O,500,0
CN1c2ncccc2OC[C@H](NC(=O)c2cc([nH]n2)C2(CC2)c2ccccc2)C1=O,500,0
CN1c2ncccc2OC[C@H](NC(=O)c2nn(Cc3ccccn3)cc2F)C1=O,500,0
CN1c2ncccc2[C@@H]2C[C@@H]2[C@H](NC(=O)c2nnc(Cc3ccccc3)[nH]2)C1=O,500,0
CN1c2ncccc2OC[C@H](NC(=O)c2nn(Cc3ccccc3)cc2F)C1=O,500,0
CN1c2ncccc2OC[C@H](NC(=O)c2cc(on2)C2(CC2)c2ccccc2)C1=O,500,0
CN1c2ccccc2OC[C@H](NC(=O)c2ncc([nH]2)C2(CC2)c2ccccc2)C1=O,500,0
CN1c2ccccc2OC[C@H](NC(=O)c2nc3cccc(-c4ccccc4F)c3s2)C1=O,500,0
CN1c2ncccc2[C@@H]2C[C@@H]2[C@H](NC(=O)c2cc(Cc3ccccc3)[nH]n2)C1=O,500,0
CN1c2ncccc2[C@@H]2C[C@@H]2[C@H](NC(=O)c2cc(Cc3ccccc3)on2)C1=O,500,0
CN1c2ncccc2[C@@H]2C[C@@H]2[C@H](NC(=O)c2nn(Cc3ccccc3)cc2F)C1=O,500,0
Fc1cc(F)c2NC(=O)[C@@H](NC(=O)c3nnc(Cc4ccccc4)[nH]3)[C@H]3C[C@H]3c2c1,500,0
CN1c2ccccc2OC[C@H](NC(=O)c2nc3cccc(-c4ccccc4)c3s2)C1=O,500,0
CN1c2ncccc2OC[C@H](NC(=O)c2nnc(Cc3ccccc3)s2)C1=O,500,0
CN1c2ncccc2OC[C@H](NC(=O)c2ncc(Cc3ccccc3)s2)C1=O,500,0
CN1c2ccccc2OC[C@H](NC(=O)c2cn(nn2)C2(CC2)c2ccccc2)C1=O,500,0
Fc1cc(F)c2NC(=O)[C@@H](NC(=O)c3nnc(Cc4ccccc4)o3)[C@H]3C[C@H]3c2c1,500,0
Fc1cc(F)c2NC(=O)[C@@H](NC(=O)c3cn(Cc4ccccc4)nn3)[C@H]3C[C@H]3c2c1,500,0
O=C(N[C@H]1COc2cccnc2NC1=O)c1cc([nH]n1)C1(CC1)c1ccccc1,500,0
C[C@H]1Oc2cccnc2N(C)C(=O)[C@H]1NC(=O)c1nn(Cc2ccccc2)cc1F,500,0
C[C@@H]1Oc2cccnc2N(C)C(=O)[C@H]1NC(=O)c1nn(Cc2ccccc2)cc1F,500,0
C[C@H]1Oc2cccnc2N(C)C(=O)[C@H]1NC(=O)c1nnc(Cc2ccccc2)[nH]1,500,0
C[C@H]1Oc2cccnc2NC(=O)[C@H]1NC(=O)c1nnc(Cc2ccccc2)[nH]1,500,0
O=C(N[C@H]1CC2(CC2)c2cccnc2NC1=O)c1nnc(Cc2ccccc2)[nH]1,500,0
CN1c2ncccc2[C@@H]2C[C@@H]2[C@H](NC(=O)c2cc(Oc3ccccc3F)ccn2)C1=O,500,0
CN1c2ncccc2[C@H]2C[C@H]2[C@@H](NC(=O)c2cc(Oc3ccccc3F)ccn2)C1=O,500,0
CN1c2cnn(C)c2CC[C@H](NC(=O)c2nnc(Cc3ccccc3)[nH]2)C1=O,500,0
O=C(N[C@H]1COc2cccnc2NC1=O)c1nnc([nH]1)C1CCc2ccccc12,500,0
Fc1cc(F)c2NC(=O)[C@H](CC3(CC3)c2c1)NC(=O)c1nnc(Cc2ccccc2)[nH]1,500,0
Cn1cc2NC(=O)[C@H](CCc2n1)NC(=O)c1nnc(Cc2ccccc2)[nH]1,500,0
CN1c2cn(C)nc2CC[C@H](NC(=O)c2nnc(Cc3ccccc3)[nH]2)C1=O,500,0
CN1c2ncccc2OC[C@H](NC(=O)c2nnc([nH]2)C2(CC2)c2ccccc2)C1=O,500,0
CN1c2ncccc2CC[C@H](NC(=O)c2nnc(Cc3ccccc3)[nH]2)C1=O,500,0
CN1c2ncccc2OC[C@H](NC(=O)c2cnc(Cc3ccccc3)[nH]2)C1=O,500,0
CN1c2cn(C)nc2CC[C@H](NC(=O)c2nn(Cc3ccccc3)cc2F)C1=O,500,0
O=C(N[C@H]1[C@H]2C[C@H]2c2cccnc2NC1=O)c1nnc(Cc2ccccc2)[nH]1,500,0
CN1c2ncccc2CC[C@H](NC(=O)c2nn(Cc3ccccc3)cc2F)C1=O,500,0
C[C@H]1Cc2cccnc2N(C)C(=O)[C@H]1NC(=O)c1cc(Cc2ccccc2)on1,500,0
CN1c2ccncc2OC[C@H](NC(=O)c2nnc([nH]2)C2(CC2)c2ccccc2)C1=O,500,0
CN1c2cnn(C)c2CC[C@H](NC(=O)c2nn(Cc3ccccc3)cc2F)C1=O,500,0
CN1c2ncccc2OC[C@H](NC(=O)c2nn(Cc3ccc(F)cc3)cc2F)C1=O,500,0
Fc1ccccc1Oc1cnnc(c1)C(=O)N[C@H]1CCc2ccccc2-n2ccnc12,500,0
C[C@H]1Oc2cccnc2N(C)C(=O)[C@H]1NC(=O)c1cc(Oc2ccccc2F)ccn1,500,0
CN1c2nccnc2[C@@H]2C[C@@H]2[C@H](NC(=O)c2nnc(Cc3ccccc3)[nH]2)C1=O,500,0
CN1c2ncccc2[C@@H]2C[C@@H]2[C@H](NC(=O)c2nnc(Cc3ccccc3)s2)C1=O,500,0
CN1c2ncccc2CC[C@H](NC(=O)c2cc(Oc3ccc(F)cc3F)ccn2)C1=O,500,0
C[C@H]1Oc2cccnc2N(C)C(=O)[C@H]1NC(=O)c1cc(Cc2ccccc2)no1,500,0
O=C(N[C@H]1COc2cccnc2NC1=O)c1ncc(Cc2ccccc2)s1,500,0
C[C@H]1Oc2cccnc2N(C)C(=O)[C@H]1NC(=O)c1ncc(Cc2ccccc2)s1,500,0
CN1c2ncccc2C2(CC2)C[C@H](NC(=O)c2nnc(Cc3ccccc3)[nH]2)C1=O,500,0
CN1c2ncccc2OC[C@H](NC(=O)c2nc(F)c(Cc3ccccc3)s2)C1=O,500,0
C[C@H]1Oc2cccnc2N(C)C(=O)[C@H]1NC(=O)c1nn(Cc2ccc(cc2)C#N)cc1F,500,0
C[C@H]1Oc2cccnc2N(C)C(=O)[C@H]1NC(=O)c1nn(Cc2cccc(c2)C#N)cc1F,500,0
CN1c2cc(C)nn2CC[C@H](NC(=O)c2nnc(Cc3ccccc3)[nH]2)C1=O,500,0
CN1C(=O)[C@H](COC2=C1N=CC=C2)[N-]C(=O)[C+]3C(=C[N+](=N3)CC4=CC(=CC(=C4)F)C#N)F,500,0
CN1c2c(C)cnn2CC[C@H](NC(=O)c2nnc(Cc3ccccc3)[nH]2)C1=O,500,0
C[C@H]1Oc2cccnc2N(C)C(=O)[C@H]1NC(=O)c1nn(Cc2ccccc2)cc1Cl,500,0
CN1c2ncccc2OC[C@H](NC(=O)c2nn(Cc3ccccc3F)cc2F)C1=O,500,0
C[C@H]1Oc2cccnc2N(C)C(=O)[C@H]1NC(=O)c1nnc(Cc2ccccc2)o1,500,0
CN1c2ncccc2OC[C@H](NC(=O)c2nn(Cc3cccc(F)c3)cc2F)C1=O,500,0
C[C@H]1Oc2cccnc2N(C)C(=O)[C@H]1NC(=O)c1ncn(Cc2ccccc2)n1,500,0
CN1c2ncccc2OC[C@H](NC(=O)c2nn(Cc3cncc(F)c3)cc2F)C1=O,500,0
C[C@H]1Oc2cccnc2N(C)C(=O)[C@H]1NC(=O)c1nnc(o1)C1(CC1)c1ccccc1,500,0
C[C@H]1Oc2cccnc2N(C)C(=O)[C@H]1NC(=O)c1cc(Cc2ccccc2F)cnn1,500,0
C[C@H]1Oc2cccnc2N(C)C(=O)[C@H]1NC(=O)c1cn(Cc2ccccc2)cn1,500,0
O=C(N[C@H]1COc2cccnc2-n2ccnc12)c1nnc(Cc2ccccc2)[nH]1,500,0
CN1c2ncccc2OC[C@H](NC(=O)c2cc(Cc3ccccc3)on2)C1=O,500,0
C[C@H]1Oc2cccnc2N(C)C(=O)[C@H]1NC(=O)c1nn(Cc2ccc(F)cc2)cc1F,500,0
CN1c2ncccc2OC[C@H](NC(=O)c2nn(Cc3cccc(c3)C#N)cc2F)C1=O,500,0
CN1c2ncccc2CC[C@H](NC(=O)c2nnc(o2)C2(CC2)c2ccccc2)C1=O,500,0
CN1c2ncccc2OC[C@H](NC(=O)c2nnc(Cc3ccccc3)o2)C1=O,500,0
C[C@H]1Oc2cc(cnc2N(C)C(=O)[C@H]1NC(=O)c1nnc(Cc2ccccc2)[nH]1)S(C)(=O)=O,500,0
CN1c2ncccc2CC[C@H](NC(=O)c2nnc(Cc3ccccc3)o2)C1=O,500,0
CN1c2ncccc2OC[C@H](NC(=O)c2cc(Oc3ccccc3F)cnn2)C1=O,500,0
C[C@H]1Oc2cc(cnc2N(C)C(=O)[C@H]1NC(=O)c1nnc(Cc2ccccc2)[nH]1)C#N,500,0
CN1c2ncccc2OC[C@H](NC(=O)c2nc(C#N)c(Cc3ccccc3)s2)C1=O,500,0
CN1c2ncccc2CC[C@H](NC(=O)c2nn(Cc3cccc(c3)C#N)cc2F)C1=O,500,0
CN1c2ncccc2OC[C@H](NC(=O)c2nn(Cc3ccccc3C#N)cc2F)C1=O,500,0
Fc1cn(Cc2ccccc2)nc1C(=O)N[C@H]1COc2cccnc2-n2ccnc12,500,0
C[C@H]1Oc2cccnc2N(C)C(=O)[C@H]1NC(=O)c1ccn(Cc2ccccc2)n1,500,0
CN1c2ncccc2[C@@H]2C[C@@H]2[C@H](NC(=O)c2nn(Cc3ccc(F)cc3)cc2F)C1=O,500,0
CN1c2ncccc2[C@@H]2C[C@@H]2[C@H](NC(=O)c2nnc(Cc3ccccc3)o2)C1=O,500,0
CN1c2ncccc2OC[C@H](NC(=O)c2cc(C#N)n(Cc3ccccc3)n2)C1=O,500,0
CN1c2ncccc2OC[C@H](NC(=O)c2cc(C#N)n(Cc3ccc(F)cc3)n2)C1=O,500,0
CN1c2ncccc2OC2(CC2)[C@H](NC(=O)c2nnc(Cc3ccccc3)o2)C1=O,500,0
CN1c2ncccc2OC[C@H](NC(=O)c2nnc(Cc3cccc(c3)C#N)[nH]2)C1=O,500,0
CN1c2ncccc2OC[C@H](NC(=O)c2nnc(Cc3cc(F)cc(c3)C#N)[nH]2)C1=O,500,0
CN1c2ccccc2OC[C@H](NC(=O)c2nnc(Cc3cccc(c3)C#N)[nH]2)C1=O,500,0
CN1c2ccccc2OC[C@H](NC(=O)c2ncc(Cc3cccc(c3)C#N)s2)C1=O,500,0
CN1c2ncccc2OC[C@H](NC(=O)c2cc(F)n(Cc3ccccc3)n2)C1=O,500,0
CN1c2ncccc2OC[C@H](NC(=O)c2cc(F)n(Cc3ccc(F)cc3)n2)C1=O,500,0
CN1c2ncccc2OC[C@H](NC(=O)c2nc(C#N)c(Cc3cccc(c3)C#N)s2)C1=O,500,0
CN1c2ncccc2OC[C@H](NC(=O)c2nn(Cc3cncc(c3)C#N)cc2F)C1=O,500,0
Fc1cn(Cc2cccc(c2)C#N)nc1C(=O)N[C@H]1[C@H]2C[C@H]2c2cc(F)cc(F)c2NC1=O,500,0
CN1c2ncccc2OC[C@H](NC(=O)c2ncn(Cc3cccc(c3)C#N)n2)C1=O,500,0
C[C@H]1Oc2cccnc2N(C)C(=O)[C@H]1NC(=O)c1ncn(Cc2cccc(c2)C#N)n1,500,0
Fc1cc(F)c2NC(=O)[C@@H](NC(=O)c3nnc(Cc4ccccc4)[nH]3)[C@@H]3C[C@@H]3c2c1,500,0
CN1c2nccnc2[C@@H]2C[C@@H]2[C@H](NC(=O)c2nnc(Cc3ccccc3)o2)C1=O,500,0
CN1c2nccnc2CC[C@H](NC(=O)c2nn(Cc3ccccc3F)cc2F)C1=O,500,0
CN1c2nccnc2[C@@H]2C[C@@H]2[C@H](NC(=O)c2nn(Cc3ccccc3F)cc2F)C1=O,500,0
CN1c2nccnc2CC[C@H](NC(=O)c2nnc(o2)C2(CC2)c2ccccc2)C1=O,500,0
Fc1cc(F)c2NC(=O)[C@@H](NC(=O)c3nnc(Cc4cccc(c4)C#N)[nH]3)[C@H]3C[C@H]3c2c1,500,0
CN1c2nccnc2CC[C@H](NC(=O)c2nn(Cc3cccnc3C)cc2F)C1=O,500,0
CN1c2ccc(cc2[C@@H]2C[C@@H]2[C@H](NC(=O)c2nn(Cc3ccccc3)cc2F)C1=O)S(C)(=O)=O,500,0
CN1c2ncccc2OC[C@H](NC(=O)c2nn(Cc3cnn(C)c3)cc2F)C1=O,500,0
CN1c2nccnc2CC[C@H](NC(=O)c2cc(Cc3ccccc3)on2)C1=O,500,0
CN1c2nccnc2CC[C@H](NC(=O)c2nnc(Cc3ccccc3)o2)C1=O,500,0
C[C@H]1Oc2cccnc2N(C)C(=O)[C@H]1NC(=O)c1ncc(Cc2ccccc2)o1,500,0
C[C@H]1Oc2ncccc2N(C)C(=O)[C@H]1NC(=O)c1nnc(Cc2ccccc2)o1,500,0
CN1c2nccnc2[C@@H]2C[C@@H]2[C@H](NC(=O)c2ncc(Cc3ccccc3)o2)C1=O,500,0
CN1c2nccnc2[C@@H]2C[C@@H]2[C@H](NC(=O)c2cn(Cc3ccccc3)nn2)C1=O,500,0
CN1c2nccnc2[C@@H]2C[C@@H]2[C@H](NC(=O)c2cc(Cc3ccccc3)on2)C1=O,500,0
CN1c2nccnc2[C@@H]2C[C@@H]2[C@H](NC(=O)c2nnc(Cc3ccccc3)s2)C1=O,500,0
CN1c2nc(C)sc2CC[C@H](NC(=O)c2nnc(Cc3ccccc3)o2)C1=O,500,0
CN1c2ncccc2OC[C@H](NC(=O)c2cn(Cc3ccccc3)nn2)C1=O,500,0
C[C@H]1Oc2cccnc2N(C)C(=O)[C@H]1NC(=O)c1cn(Cc2ccccc2)nn1,500,0
C[C@H]1Oc2cccnc2N(C)C(=O)[C@H]1NC(=O)c1cnn(Cc2ccccc2)n1,500,0
C[C@H]1Oc2ncccc2N(C)C(=O)[C@H]1NC(=O)c1nn(Cc2ccccc2)cc1F,500,0
CN1c2ccc(cc2[C@@H]2C[C@@H]2[C@H](NC(=O)c2nn(Cc3ccccc3)cc2F)C1=O)C#N,500,0
CN1c2nccnc2[C@@H]2C[C@@H]2[C@H](NC(=O)c2cn(Cc3ccccc3)c(C)n2)C1=O,500,0
CN1c2ncccc2OC[C@H](NC(=O)c2nn(Cc3cocn3)cc2F)C1=O,500,0
CN1c2ncccc2OC[C@H](NC(=O)c2ncc(Cc3ccccn3)s2)C1=O,500,0
CN1c2ccccc2OC[C@H](NC(=O)c2nn(Cc3ccc(F)cn3)cc2F)C1=O,500,0
CN1c2ncccc2OC[C@H](NC(=O)c2noc(Cc3ccccc3)n2)C1=O,500,0
CN1c2ccccc2OC[C@H](NC(=O)c2nn(Cc3ccc(Cl)cn3)cc2F)C1=O,500,0
C[C@H]1Oc2cccnc2N(C)C(=O)[C@H]1NC(=O)c1nnc(Cc2ccccc2)s1,500,0
CN1c2ncc(cc2[C@@H]2C[C@@H]2[C@H](NC(=O)c2nnc(Cc3ccccc3)[nH]2)C1=O)C#N,500,0
CN1c2ncccc2CC[C@H](NC(=O)c2ncc(Cc3cccc(c3)C#N)s2)C1=O,500,0
COc1cccc(Cn2cc(F)c(n2)C(=O)N[C@H]2COc3ccccc3N(C)C2=O)n1,500,0
C[C@H]1Oc2cccnc2N(C)C(=O)[C@H]1NC(=O)c1nnc(o1)C(F)(F)c1ccccc1,500,0
C[C@H]1Oc2cccnc2N(C)C(=O)[C@H]1NC(=O)c1noc(Cc2ccccc2)n1,500,0
CN1c2nccnc2[C@@H]2C[C@@H]2[C@H](NC(=O)c2nnc(Cc3ccc(F)cc3)o2)C1=O,500,0
CN1c2ccccc2OC[C@H](NC(=O)c2nn(Cc3ncccn3)cc2F)C1=O,500,0
CN1c2ccccc2CC[C@H](NC(=O)c2nnc(Cc3ccccc3)o2)C1=O,500,0
CN1c2nccnc2[C@@H]2C[C@@H]2[C@H](NC(=O)c2ncc(Cc3ccccn3)o2)C1=O,500,0
CN1c2nccnc2[C@@H]2C[C@@H]2[C@H](NC(=O)c2ncc(o2)C(F)(F)c2ccccc2)C1=O,500,0
O=C(N[C@H]1COc2ccccc2-n2cnnc12)c1cc(Cc2ccccc2)[nH]n1,500,0
CN1c2ncccc2OC[C@H](NC(=O)c2nn(cc2F)C2(CC2)c2ccccn2)C1=O,500,0
C[C@H]1Oc2cccnc2N(C)C(=O)[C@H]1NC(=O)c1cc(Cc2ccccc2)on1,500,0
CN1c2ccncc2OC[C@H](NC(=O)c2cc(on2)C2(CC2)c2ccccc2)C1=O,500,0
CN1c2cnn(C)c2OC[C@H](NC(=O)c2nn(Cc3ccccc3)cc2F)C1=O,500,0
CN1c2ncccc2OC[C@H](NC(=O)c2nn(Cc3cc(F)cc(c3)C#N)cc2F)C1=O,500,0
C[C@H]1Oc2cccnc2N(C)C(=O)[C@H]1NC(=O)c1cc(Oc2ccccc2F)cnn1,500,0
CN1c2ncccc2OC[C@H](NC(=O)c2cc(C#N)n(Cc3cccc(c3)C#N)n2)C1=O,500,0
CC(C)c1cc(ccc1NC(=O)Cc1cccc(c1)C(F)(F)F)-c1nn(C)c2ncnc(N)c12,531,0
CC#Cc1c(N)nccc1Oc1ccc(NC(=O)c2cccn(-c3ccc(F)cc3)c2=O)cc1F,600,0
CCN([C@H]1COc2ccc(cc2N(C)C1=O)C#CC(C)(C)O)C(=O)c1n[nH]c(Cc2ccccc2)n1,616,0
Nc1nccc2c(cccc12)-c1ccc(NC(=O)Nc2cc(ccc2Cl)C(F)(F)F)cc1,630,0
Cn1nc(-c2ccc3N(CCc3c2)C(=O)Cc2cccc(OC(F)(F)F)c2)c2cncnc12,634,0
Cc1ccc(-c2ccn3nc(N)nc3c2)c(F)c1C(=O)N[C@H](CF)C[C@@H](O)c1ccc(F)cc1,696,0
Cn1nc(-c2ccc3N(CCc3c2)C(=O)Cc2ccc(Cl)cc2)c2c(N)ncnc12,704,0
CN1c2ccccc2OC[C@H](NC(=O)c2coc(Cc3ccccc3)n2)C1=O,794,0
CN(c1ccc2c(C)n(C)nc2c1)c1ccnc(Nc2ccc(C)c(c2)S(N)(=O)=O)n1,873,0
CCN1c2cc(ccc2OC[C@H](NC(=O)c2n[nH]c(Cc3cccc(F)c3)n2)C1=O)C#CC(C)(C)O,932,0
CCN1c2cc(ccc2OC[C@H](NC(=O)c2ncn(Cc3cccc(F)c3)n2)C1=O)C#CC(C)(C)O,932,0
CC(C)(C)C(=O)N1CCOCC1c1ccccc1,>1000,0
CC(C)(C)C(=O)N1CCSC1c1ccccc1,>1000,0
Oc1ccc(cc1)-c1cc2cccnc2[nH]1,1030,0
Fc1ccc(cc1)-c1ccnc2sc(cc12)C(=O)N1CCOCC1,1125,0
CN1c2cc(ccc2OC[C@@H](NC(=O)c2n[nH]c(Cc3ccccc3)n2)C1=O)C#CC(C)(C)O,1155,0
CN1c2ccccc2OC[C@H](NC(=O)c2c[nH]c(Cc3ccccc3)n2)C1=O,1259,0
Fc1ccc(cc1)-n1cccc(C(=O)Nc2ccc(Oc3ccnc4[nH]ccc34)c(F)c2)c1=O,1500,0
CNC(=O)c1cc(Oc2ccc(NC(=O)Nc3ccc(Cl)c(c3)C(F)(F)F)cc2)ccn1,1500,0
CC(C)Cc1cc(no1)C(=O)N[C@H]1COc2ccccc2N(C)C1=O,1600,0
CN1c2cc(CCCCOCc3ccccn3)ccc2OC[C@H](NC(=O)c2n[nH]c(Cc3ccccc3)n2)C1=O,1633,0
CN1C2=C(C=CC(=C2)CCCCOCC3=CC=CC=N3)OC[C@@H](C1=O)NC(=O)C4=NNC(=N4)CC5=CC=CC=C5,1633,0
CC[C@@H](C[C@@H](O)c1ccc(Cl)cc1)NC(=O)c1cc(c(F)c(F)c1C)-c1ccn2nc(N)nc2c1,2064,0
CN1CCN(CC1)c1nc(Nc2cc(C)[nH]n2)nc(Sc2ccc(NC(=O)C3CCCCC3)cc2)n1,2468,0
Nc1ncnc2occ(-c3ccc(NC(=O)Nc4cc(ccc4Cl)C(F)(F)F)cc3)c12,2500,0
CCCCNc1nc2cc(ccc2s1)[N+]([O-])=O,2890,0
C[C@H](C(=O)N1CCc2cc(ccc12)-c1nn(C)c2ncnc(N)c12)c1ccccc1,2994,0
Cn1cc2NC(=O)[C@@H](CCc2n1)NC(=O)c1nnc(Cc2ccccc2)[nH]1,>3000,0
CN1c2cn(C)nc2CC[C@@H](NC(=O)c2nnc(Cc3ccccc3)[nH]2)C1=O,>3000,0
CN1c2ncccc2CC[C@@H](NC(=O)c2nnc(Cc3ccccc3)[nH]2)C1=O,>3000,0
CN1c2cn(C)nc2CC[C@@H](NC(=O)c2nn(Cc3ccccc3)cc2F)C1=O,>3000,0
O=C(N[C@@H]1[C@@H]2C[C@@H]2c2cccnc2NC1=O)c1nnc(Cc2ccccc2)[nH]1,>3000,0
CN1c2cnn(C)c2CC[C@@H](NC(=O)c2nn(Cc3ccccc3)cc2F)C1=O,>3000,0
Cn1ncc2NC(=O)[C@@H](CCc12)NC(=O)c1nnc(Cc2ccccc2)[nH]1,>3000,0
CN1c2nccnc2[C@H]2C[C@H]2[C@@H](NC(=O)c2nnc(Cc3ccccc3)[nH]2)C1=O,>3000,0
CN1c2ncccc2[C@H]2CC2[C@@H](NC(=O)c2nnc(Cc3ccccc3)s2)C1=O,>3000,0
CN1c2ncccc2CC[C@@H](NC(=O)c2cc(Oc3ccc(F)cc3F)ccn2)C1=O,>3000,0
CN1c2ncccc2C2(CC2)C[C@@H](NC(=O)c2nnc(Cc3ccccc3)[nH]2)C1=O,>3000,0
CN1c2cc(C)nn2CC[C@@H](NC(=O)c2nnc(Cc3ccccc3)[nH]2)C1=O,>3000,0
CN1c2c(C)cnn2CC[C@@H](NC(=O)c2nnc(Cc3ccccc3)[nH]2)C1=O,>3000,0
O=C(N[C@@H]1COc2cccnc2-n2ccnc12)c1nnc(Cc2ccccc2)[nH]1,>3000,0
CN1c2ncccc2CC[C@@H](NC(=O)c2nnc(o2)C2(CC2)c2ccccc2)C1=O,>3000,0
CN1c2ncccc2CC[C@@H](NC(=O)c2nn(Cc3cccc(c3)C#N)cc2F)C1=O,>3000,0
Fc1cn(Cc2ccccc2)nc1C(=O)N[C@@H]1COc2cccnc2-n2ccnc12,>3000,0
CN1c2ncccc2[C@H]2C[C@H]2[C@@H](NC(=O)c2nn(Cc3ccc(F)cc3)cc2F)C1=O,>3000,0
CN1c2ncccc2[C@H]2C[C@H]2[C@@H](NC(=O)c2nnc(Cc3ccccc3)o2)C1=O,>3000,0
CN1c2ncccc2OC2(CC2)[C@@H](NC(=O)c2nnc(Cc3ccccc3)o2)C1=O,>3000,0
Fc1cn(Cc2cccc(c2)C#N)nc1C(=O)N[C@@H]1[C@@H]2C[C@@H]2c2cc(F)cc(F)c2NC1=O,>3000,0
CN1c2nccnc2[C@H]2C[C@H]2[C@@H](NC(=O)c2nnc(Cc3ccccc3)o2)C1=O,>3000,0
CN1c2nccnc2CC[C@@H](NC(=O)c2nn(Cc3ccccc3F)cc2F)C1=O,>3000,0
CN1c2nccnc2[C@H]2C[C@H]2[C@@H](NC(=O)c2nn(Cc3ccccc3F)cc2F)C1=O,>3000,0
CN1c2nccnc2CC[C@@H](NC(=O)c2nnc(o2)C2(CC2)c2ccccc2)C1=O,>3000,0
Fc1cc(F)c2NC(=O)[C@H](NC(=O)c3nnc(Cc4cccc(c4)C#N)[nH]3)[C@@H]3C[C@@H]3c2c1,>3000,0
CN1c2nccnc2CC[C@@H](NC(=O)c2nn(Cc3cccnc3C)cc2F)C1=O,>3000,0
O=C(N[C@@H]1COc2ccccc2-n2ccnc12)c1cc(Cc2ccccc2)on1,>3000,0
O=C(N[C@@H]1CCc2ccccc2-n2cnnc12)c1cc(Cc2ccccc2)on1,>3000,0
CN1c2ncccc2[C@H]2C[C@H]2[C@@H](NC(=O)c2nnc(Cc3ccccc3)[nH]2)C1=O,>3000,0
CN1c2ncccc2[C@H]2C[C@H]2[C@@H](NC(=O)c2cc(Cc3ccccc3)[nH]n2)C1=O,>3000,0
CN1c2ncccc2[C@H]2C[C@H]2[C@@H](NC(=O)c2cc(Cc3ccccc3)on2)C1=O,>3000,0
CN1c2ncccc2[C@H]2C[C@H]2[C@@H](NC(=O)c2nn(Cc3ccccc3)cc2F)C1=O,>3000,0
CN1c2ccccc2OC[C@H](NC(=O)c2cnc([nH]2)C2(CC2)c2ccccc2)C1=O,>3000,0
C[C@@H]1Oc2cccnc2N(C)C(=O)[C@H]1NC(=O)c1nnc(Cc2ccccc2)[nH]1,>3000,0
O=C(N[C@@H]1CC2(CC2)c2cccnc2NC1=O)c1nnc(Cc2ccccc2)[nH]1,>3000,0
CN1c2cnn(C)c2CC[C@@H](NC(=O)c2nnc(Cc3ccccc3)[nH]2)C1=O,>3000,0
Fc1cc(F)c2NC(=O)[C@@H](CC3(CC3)c2c1)NC(=O)c1nnc(Cc2ccccc2)[nH]1,>3000,0
CN1c2ncccc2[C@H]2C[C@H]2[C@@H](NC(=O)c2nnc(Cc3ccccc3)s2)C1=O,>3000,0
CN1c2nc(C)sc2CC[C@@H](NC(=O)c2nnc(Cc3ccccc3)[nH]2)C1=O,>3000,0
CN1c2ccccc2[C@H]2C[C@H]2[C@@H](NC(=O)c2nnc(Cc3ccccc3)[nH]2)C1=O,>3000,0
CN1c2ccccc2[C@H]2C[C@H]2[C@@H](NC(=O)c2cc(Cc3ccccc3)[nH]n2)C1=O,>3000,0
CN1c2ccccc2[C@@H]2C[C@@H]2[C@@H](NC(=O)c2nnc(Cc3ccccc3)[nH]2)C1=O,>3000,0
O=C(N[C@@H]1COc2ccccc2-n2ccnc12)c1nnc(Cc2ccccc2)[nH]1,>3000,0
O=C(N[C@@H]1CCc2ccccc2-n2cnnc12)c1nnc(Cc2ccccc2)[nH]1,>3000,0
CN1c2ccc(cc2[C@H]2C[C@H]2[C@@H](NC(=O)c2nn(Cc3ccccc3)cc2F)C1=O)S(C)(=O)=O,>3000,0
CN1c2ncccc2CC[C@H](NC(=O)c2cc(on2)C2(CC2)n2nccn2)C1=O,>3000,0
O=C(N[C@@H]1COc2ccccc2-n2cnnc12)c1cc(Cc2ccccc2)on1,>3000,0
CN1c2ncccc2OC[C@H](NC(=O)c2cc(on2)C2(CC2)n2nccn2)C1=O,>3000,0
CN1c2ncccc2OC[C@@H](NC(=O)c2cc(Oc3ccc(F)cc3F)ccn2)C1=O,>3000,0
CCN1c2ccccc2OC[C@H](NC(=O)c2cc(Cc3ccccc3)on2)C1=O,3162,0
C[C@@H](C(=O)N1CCc2cc(ccc12)-c1nn(C)c2ncnc(N)c12)c1ccccc1,3457,0
Nc1nccc2c(cccc12)-c1ccc(NC(=O)Nc2cccc(c2F)C(F)(F)F)cc1,4000,0
Fc1cc(F)c2NC(=O)[C@H](NC(=O)c3nnc(Cc4ccccc4)[nH]3)[C@@H]3C[C@@H]3c2c1,5500,0
Fc1cc(F)c2NC(=O)[C@H](NC(=O)c3nnc(Cc4ccccc4)o3)[C@@H]3C[C@@H]3c2c1,5500,0
Fc1cc(F)c2NC(=O)[C@H](NC(=O)c3cn(Cc4ccccc4)nn3)[C@@H]3C[C@@H]3c2c1,5500,0
CN1c2ncccc2OC[C@H](NC(=O)c2ncc([nH]2)C2(CC2)c2ccccc2)C1=O,5500,0
CN1c2ccccc2[C@@H](F)C[C@@H](NC(=O)c2nnc(Cc3ccccc3)[nH]2)C1=O,5500,0
CN1CC(CCc2ccccc12)NC(=O)c1nnc(Cc2ccccc2)[nH]1,5500,0
CN1c2ccccc2OC[C@H](NC(=O)C2CC(Cc3ccccc3)C2)C1=O,5500,0
CN1c2ccccc2OC[C@H](NC(=O)c2ncc(s2)S(=O)(=O)c2ccccc2)C1=O,5500,0
CN1c2ccccc2OC[C@H](NC(=O)C2C[C@@H]2Cc2ccccc2)C1=O,5500,0
CN1c2ncccc2CC[C@@H](NC(=O)c2nnc(Cc3ccccc3)o2)C1=O,5500,0
Cn1ncc2NC(=O)[C@H](CCc12)NC(=O)c1nnc(Cc2ccccc2)[nH]1,5500,0
CN1c2ncccc2CC[C@@H](NC(=O)c2nn(Cc3ccccc3)cc2F)C1=O,5500,0
Cc1c(C)c(Oc2ccnc(NC(=O)C3CC3)c2)ccc1NC(=O)c1cccn(-c2ccc(F)cc2)c1=O,5500,0
Fc1ccc(cc1)-c1cccc2sc(cc12)C(=O)N1CCCOCC1,8174,0
O=C(N[C@H]1COCCNC1=O)c1cc(Cc2ccccc2)on1,>10000,0
O=C(N[C@@H]1CNc2ccccc2OC1)c1cc(Cc2ccccc2)on1,>10000,0
CN([C@H]1COc2ccccc2NC1=O)C(=O)c1cc(Cc2ccccc2)on1,>10000,0
O=C(N[C@@H]1COc2ccccc2NC1=O)c1cc(Cc2ccccc2)on1,>10000,0
O=C(N[C@H]1COc2ccccc2N(C2CC2)C1=O)c1cc(Cc2ccccc2)on1,>10000,0
O=C(NC1Cc2ccccc2NC1=O)c1cc(Cc2ccccc2)on1,>10000,0
CN1c2ccccc2OC[C@H](NC(=O)c2cc(CN3CCCCC3)on2)C1=O,>10000,0
CC(C)(C)C(=O)N1N=CC[C@@H]1c1ccccc1,>10000,0
CC(C)(C)C(=O)n1nccc1-c1ccccc1,>10000,0
CC(C)(C)C(=O)N1CCNCC1c1ccccc1,>10000,0
CN1CCN(C(C1)c1ccccc1)C(=O)C(C)(C)C,>10000,0
CC(C)(C)C(=O)N1CCCCC1c1ccccc1,>10000,0
CN(C)c1ccc(cc1)C(=O)Nc1cccc(NC(=O)COc2ccc3c(c2)occc3=O)c1,>10000,0
CN1c2ccccc2OC[C@H](NC(=O)C2CN(Cc3ccccc3)C2)C1=O,>10000,0
CN1c2ccccc2[C@H]2C[C@H]2[C@@H](NC(=O)c2cc(Cc3ccccc3)on2)C1=O,>10000,0
O=C(NC1CCc2ccccc2CC1)c1cc(Cc2ccccc2)on1,>10000,0
CN1c2ccccc2OC[C@H](NC(=O)c2cc(C)nn2Cc2ccccc2)C1=O,>10000,0
CN1c2ccccc2OC[C@H](NC(=O)c2cnn3CC[C@@H](c23)c2ccccc2)C1=O,>10000,0
CN1c2ccccc2OC[C@H](NCC(=O)NCc2ccccc2)C1=O,>10000,0
O=C(N[C@H]1COC[C@H]2CCCN2C1=O)c1cc(Cc2ccccc2)on1,>10000,0
O=C(N[C@H]1COC[C@@H]2CCCN2C1=O)c1cc(Cc2ccccc2)on1,>10000,0
CN1CCCC[C@H](NC(=O)c2nnc(Cc3ccccc3)[nH]2)C1=O,>10000,0
CN1c2ccccc2OC[C@H](NC(=O)c2ccc(C#N)n2C)C1=O,>10000,0
CN1c2ccccc2OC[C@H](NC(=O)c2nnc(C)[nH]2)C1=O,>10000,0
CN1c2ccccc2OC[C@H](NC(C)=O)C1=O,>10000,0
O=C(N[C@H]1COC[C@@H]2CCCN2C1=O)c1nnc(Cc2ccccc2)[nH]1,>10000,0
O=C(N[C@H]1COC[C@H]2CCCN2C1=O)c1nnc(Cc2ccccc2)[nH]1,>10000,0
C[C@@]1(COc2ccccc2NC1=O)NC(=O)c1cc(Cc2ccccc2)on1,>10000,0
O=C(N[C@H]1CO[C@@H]2CCCC[C@H]2NC1=O)c1cc(Cc2ccccc2)on1,>10000,0
Cc1cc(NC(=O)c2cccn(-c3ccc(F)cc3)c2=O)cc(C)c1Oc1ccnc(NC(=O)C2CC2)c1,11000,0
CCCCNc1nc2ccc(cc2[nH]1)[N+]([O-])=O,12120,0
CN1c2ccccc2OC[C@H](NC(=O)c2cc(C)on2)C1=O,12600,0
Cc1cc(NC(=O)c2cccn(-c3ccc(F)cc3)c2=O)cc(C)c1Oc1ccncc1,>15000,0
Cc1c(C)c(Oc2ccncc2)ccc1NC(=O)c1cccn(-c2ccc(F)cc2)c1=O,>15000,0
Fc1ccc(cc1)-c1cccc(c1)C(=O)Nc1ccc(Oc2ccncc2)c(F)c1,>15000,0
Fc1ccc(cc1)-n1cccc(C(=O)Nc2ccc(Oc3ccncc3)c3ccccc23)c1=O,>15000,0
Fc1ccc(cc1)-n1cccc(C(=O)Nc2ccc(Oc3ccncc3)c(F)c2)c1=O,>15000,0
CCC1(C)COC[C@H]2CC[C@H](N2C1=O)c1cccc(F)c1,15500,0
Fc1cncc(c1)C1CCN2CCCC3(CC3)C(=O)N12,15500,0
Cc1ccc(COC(=O)Nc2cc(ccn2)-c2cc3c(CCNC3=O)[nH]2)cc1,17000,0
CC(C)(C)c1nc(c(s1)-c1ccnc(N)n1)-c1cccc(NS(=O)(=O)c2c(F)cccc2F)c1F,53200,0
Cc1ccc(c(F)c1C(=O)NCC(F)(F)Cc1ccc(F)cc1)-c1ccn2nc(N)nc2c1,0.2,1
Nc1nc2cc(ccn2n1)-c1ccc(Cl)c(C(=O)NCC(F)(F)[C@@H](O)c2ccc(OC(F)F)cc2)c1F,0.2,1
Cc1ccc(c(F)c1C(=O)NCC(F)(F)[C@H](O)c1ccc(F)cc1)-c1ccn2nc(N)nc2c1F,0.2,1
Nc1nc2cc(ccn2n1)-c1ccc(Cl)c(C(=O)NCC(F)(F)[C@@H](O)c2cc(F)cc(F)c2)c1F,0.3,1
Cc1c(F)c(F)c(cc1C(=O)NCC(F)(F)[C@@H](O)c1ccc(Cl)cc1)-c1ccn2nc(N)nc2c1,0.3,1
C[C@](O)([C@H](F)CNC(=O)c1c(F)c(ccc1C(F)F)-c1ccn2nc(N)nc2c1)c1ccc(F)cc1,0.3,1
Cc1ccc(c(F)c1C(=O)NCCC(F)c1ccc(Cl)cc1)-c1ccn2nc(N)nc2c1,0.3,1
Nc1nc2cc(ccn2n1)-c1ccc(Cl)c(C(=O)NCC(F)(F)[C@H](O)c2cc(Cl)ccc2F)c1F,0.3,1
Cc1ccc(c(F)c1C(=O)NCCC1(CC1)c1ccc(F)cc1)-c1ccn2nc(N)nc2c1,0.4,1
Cc1ccc(-c2ccn3nc(N)nc3c2)c(F)c1C(=O)NC[C@@H](F)[C@@](C)(O)c1ccc(F)cc1,0.4,1
Nc1nc2cc(ccn2n1)-c1ccc(c(C(=O)NCC(F)(F)[C@@H](O)c2ccc(F)cc2)c1F)C(F)(F)F,0.4,1
Cc1c(F)c(F)c(cc1C(=O)NCC(F)(F)[C@H](O)c1ccc(F)cc1)-c1ccn2nc(N)nc2c1,0.4,1
Cc1ccc(c(F)c1C(=O)NC[C@@H](F)[C@H](O)c1ccc(Cl)cc1)-c1ccn2nc(N)nc2c1,0.4,1
Cc1ccc(-c2ccn3nc(N)nc3c2)c(F)c1C(=O)NCC[C@@H](O)c1ccc(cc1)C(F)(F)F,0.4,1
CN1c2ccccc2OC[C@H](NC(=O)c2cc(Cc3ccccc3)[nH]n2)C1=O,0.4,1
COc1ccc(cc1)[C@H](O)C(F)(F)CNC(=O)c1c(Cl)ccc(c1F)-c1ccn2nc(N)nc2c1,0.4,1
Nc1nc2cc(ccn2n1)-c1ccc(Cl)c(C(=O)NC[C@@H](F)[C@@H](O)c2ccc(F)cc2)c1F,0.5,1
Cc1ccc(-c2ccn3nc(N)nc3c2)c(F)c1C(=O)NCC(F)(F)[C@@H](O)c1ccc(F)cc1,0.5,1
Nc1nc2cc(ccn2n1)-c1ccc(Cl)c(C(=O)NCC[C@@H](O)c2ccc(cc2)C(F)(F)F)c1F,0.5,1
COc1c(ccn2nc(N)nc12)-c1ccc(C)c(C(=O)NCC(F)(F)[C@@H](O)c2ccc(F)cc2)c1F,0.5,1
Cc1c(F)c(F)c(cc1C(=O)NCC(F)(F)[C@@H](O)c1ccc(F)cc1)-c1ccn2nc(N)nc2c1,0.5,1
Cc1c(F)c(F)c(cc1C(=O)NCC(F)(F)[C@H](O)c1ccc(Cl)cc1)-c1ccn2nc(N)nc2c1,0.5,1
CCc1ccc(c(F)c1C(=O)NCC[C@H](O)c1ccc(Cl)cc1)-c1ccn2nc(N)nc2c1,0.6,1
Nc1nc2cc(ccn2n1)-c1ccc(Cl)c(C(=O)NCC(F)(F)Cc2ccc(F)cc2)c1F,0.6,1
Nc1nc2cc(ccn2n1)-c1ccc(C2CC2)c(C(=O)NCC(F)(F)[C@H](O)c2ccc(F)cc2)c1F,0.6,1
Cc1ccc(c(F)c1C(=O)NCC[C@@H](O)c1ccc(Cl)cc1F)-c1ccn2nc(N)nc2c1,0.6,1
Cc1ccc(-c2ccn3nc(N)nc3c2)c(F)c1C(=O)NCC(F)(F)[C@H](O)c1ccc(F)c(F)c1,0.6,1
